TRUNCATE torrent.resource CASCADE;
insert into torrent.resource (id, upload_time, leeches, seeders, info_sha256, url, is_legal, size_in_bytes)
values ('3b85e730-fa0d-4f46-ab5b-9aeeb85ea27d', '2024-02-02T07:11:27Z', 29, 51,
        '479518f65d55574dbf7c5f8cb02476de9c21a599be5a9127695f73ff73c69aeb',
        'https://msn.com/mi/in/porttitor/pede/justo/eu/massa.jpg?quam=diam&sollicitudin=erat&vitae=fermentum&consectetuer=justo&eget=nec&rutrum=condimentum&at=neque&lorem=sapien&integer=placerat&tincidunt=ante&ante=nulla&vel=justo&ipsum=aliquam&praesent=quis&blandit=turpis&lacinia=eget&erat=elit&vestibulum=sodales&sed=scelerisque&magna=mauris&at=sit&nunc=amet&commodo=eros&placerat=suspendisse&praesent=accumsan&blandit=tortor&nam=quis&nulla=turpis&integer=sed&pede=ante&justo=vivamus&lacinia=tortor&eget=duis&tincidunt=mattis&eget=egestas&tempus=metus&vel=aenean&pede=fermentum&morbi=donec&porttitor=ut&lorem=mauris&id=eget&ligula=massa&suspendisse=tempor&ornare=convallis&consequat=nulla&lectus=neque&in=libero&est=convallis&risus=eget&auctor=eleifend&sed=luctus&tristique=ultricies&in=eu&tempus=nibh&sit=quisque&amet=id&sem=justo&fusce=sit&consequat=amet&nulla=sapien&nisl=dignissim&nunc=vestibulum&nisl=vestibulum&duis=ante&bibendum=ipsum&felis=primis&sed=in&interdum=faucibus&venenatis=orci&turpis=luctus&enim=et&blandit=ultrices',
        true, 78838);
insert into torrent.resource (id, upload_time, leeches, seeders, info_sha256, url, is_legal, size_in_bytes)
values ('5a441f82-f6b3-4412-96bc-6eac13bb4442', '2023-12-15T10:53:10Z', 4, 72,
        '9dd81e644756968fa3319e5e39cdaaf542cec212b9eaa0bc67f767ff33f9cdef',
        'https://yellowpages.com/magna/vulputate/luctus/cum.jpg?vivamus=purus&vel=phasellus&nulla=in&eget=felis&eros=donec&elementum=semper&pellentesque=sapien&quisque=a&porta=libero&volutpat=nam&erat=dui&quisque=proin&erat=leo&eros=odio&viverra=porttitor&eget=id&congue=consequat&eget=in&semper=consequat&rutrum=ut',
        true, 11874);
insert into torrent.resource (id, upload_time, leeches, seeders, info_sha256, url, is_legal, size_in_bytes)
values ('b5b468c3-d129-4715-b94a-1bc98368fe5a', '2023-10-29T19:14:36Z', 86, 14,
        '044a2088704f6ad976114194cacc541e176cf16693c33a5e0321096ef9083932',
        'http://bravesites.com/congue/vivamus/metus/arcu/adipiscing.js?pretium=porta&nisl=volutpat&ut=erat&volutpat=quisque&sapien=erat&arcu=eros&sed=viverra&augue=eget&aliquam=congue&erat=eget&volutpat=semper&in=rutrum&congue=nulla&etiam=nunc&justo=purus&etiam=phasellus&pretium=in&iaculis=felis&justo=donec&in=semper&hac=sapien&habitasse=a&platea=libero&dictumst=nam&etiam=dui&faucibus=proin&cursus=leo&urna=odio&ut=porttitor&tellus=id&nulla=consequat&ut=in&erat=consequat&id=ut&mauris=nulla&vulputate=sed&elementum=accumsan&nullam=felis&varius=ut&nulla=at&facilisi=dolor&cras=quis&non=odio&velit=consequat&nec=varius&nisi=integer&vulputate=ac&nonummy=leo&maecenas=pellentesque&tincidunt=ultrices&lacus=mattis&at=odio&velit=donec&vivamus=vitae&vel=nisi&nulla=nam&eget=ultrices&eros=libero&elementum=non&pellentesque=mattis&quisque=pulvinar&porta=nulla&volutpat=pede&erat=ullamcorper&quisque=augue&erat=a&eros=suscipit&viverra=nulla&eget=elit&congue=ac&eget=nulla&semper=sed&rutrum=vel&nulla=enim&nunc=sit',
        false, 42168);
insert into torrent.resource (id, upload_time, leeches, seeders, info_sha256, url, is_legal, size_in_bytes)
values ('649539c3-6c06-42cd-b2cb-099f5fa3581b', '2023-11-27T06:57:00Z', 30, 78,
        'e3818753ad33785fc04ec25dc1b8ed75ec7aa44f637daf8b0e7d8bc53698cfa4',
        'https://ebay.co.uk/eget/massa/tempor/convallis/nulla.png?id=ut&sapien=volutpat&in=sapien&sapien=arcu&iaculis=sed&congue=augue&vivamus=aliquam&metus=erat&arcu=volutpat&adipiscing=in&molestie=congue&hendrerit=etiam&at=justo&vulputate=etiam&vitae=pretium&nisl=iaculis&aenean=justo&lectus=in&pellentesque=hac&eget=habitasse&nunc=platea&donec=dictumst&quis=etiam&orci=faucibus&eget=cursus&orci=urna&vehicula=ut&condimentum=tellus&curabitur=nulla&in=ut&libero=erat&ut=id&massa=mauris&volutpat=vulputate&convallis=elementum&morbi=nullam&odio=varius&odio=nulla&elementum=facilisi&eu=cras&interdum=non&eu=velit&tincidunt=nec&in=nisi&leo=vulputate&maecenas=nonummy&pulvinar=maecenas&lobortis=tincidunt&est=lacus&phasellus=at&sit=velit&amet=vivamus&erat=vel&nulla=nulla&tempus=eget',
        true, 21812);
insert into torrent.resource (id, upload_time, leeches, seeders, info_sha256, url, is_legal, size_in_bytes)
values ('068cde22-250b-4310-8298-2f07a2f28e58', '2024-01-30T20:12:35Z', 94, 73,
        '10609b95feb87923b67433af55e943aae4820b4977a7fff6ebd7cdac53f22c60',
        'https://tripod.com/volutpat/in/congue/etiam/justo.xml?diam=rhoncus', false, 82274);
insert into torrent.resource (id, upload_time, leeches, seeders, info_sha256, url, is_legal, size_in_bytes)
values ('8d9c11e6-678e-41f8-b4bb-5e61bf917c03', '2024-08-10T12:51:42Z', 39, 6,
        '94c3422b46c6d637b11544d0890ea88030bac4bae20363250dab4fcc09654271',
        'http://theglobeandmail.com/est/lacinia/nisi/venenatis.jpg?accumsan=amet&felis=turpis&ut=elementum&at=ligula&dolor=vehicula&quis=consequat&odio=morbi&consequat=a&varius=ipsum&integer=integer&ac=a&leo=nibh',
        false, 4477);
insert into torrent.resource (id, upload_time, leeches, seeders, info_sha256, url, is_legal, size_in_bytes)
values ('4c4cd997-bc95-411a-b536-0d80bbb32276', '2024-09-14T04:15:33Z', 3, 71,
        'fb1a9413cbae510a72aa83a6df574b2c2f27448cf4c9529fcd1b8cd431d862f1',
        'http://loc.gov/dolor/morbi/vel/lectus/in/quam.json?ipsum=eu&integer=felis&a=fusce&nibh=posuere&in=felis&quis=sed&justo=lacus&maecenas=morbi&rhoncus=sem&aliquam=mauris&lacus=laoreet&morbi=ut&quis=rhoncus&tortor=aliquet&id=pulvinar&nulla=sed&ultrices=nisl&aliquet=nunc&maecenas=rhoncus&leo=dui&odio=vel&condimentum=sem&id=sed&luctus=sagittis&nec=nam&molestie=congue&sed=risus&justo=semper&pellentesque=porta&viverra=volutpat&pede=quam&ac=pede&diam=lobortis&cras=ligula&pellentesque=sit&volutpat=amet&dui=eleifend&maecenas=pede&tristique=libero&est=quis&et=orci&tempus=nullam&semper=molestie&est=nibh&quam=in&pharetra=lectus&magna=pellentesque&ac=at&consequat=nulla&metus=suspendisse&sapien=potenti&ut=cras&nunc=in&vestibulum=purus&ante=eu&ipsum=magna&primis=vulputate&in=luctus&faucibus=cum&orci=sociis&luctus=natoque&et=penatibus&ultrices=et&posuere=magnis&cubilia=dis&curae=parturient&mauris=montes&viverra=nascetur&diam=ridiculus&vitae=mus&quam=vivamus&suspendisse=vestibulum&potenti=sagittis&nullam=sapien&porttitor=cum&lacus=sociis&at=natoque&turpis=penatibus&donec=et&posuere=magnis&metus=dis&vitae=parturient&ipsum=montes',
        true, 1458);
insert into torrent.resource (id, upload_time, leeches, seeders, info_sha256, url, is_legal, size_in_bytes)
values ('2731312a-5a85-48bd-88cc-613e00777a74', '2024-04-03T05:17:42Z', 47, 71,
        'af2705bc70998b955099abab5aa68446c207c0c46f7d6cea84f3011939e303f8',
        'http://guardian.co.uk/in/sagittis/dui.jpg?velit=mauris&donec=eget&diam=massa&neque=tempor&vestibulum=convallis&eget=nulla&vulputate=neque&ut=libero&ultrices=convallis&vel=eget&augue=eleifend&vestibulum=luctus&ante=ultricies&ipsum=eu&primis=nibh&in=quisque&faucibus=id&orci=justo&luctus=sit&et=amet&ultrices=sapien&posuere=dignissim&cubilia=vestibulum&curae=vestibulum',
        false, 93037);
insert into torrent.resource (id, upload_time, leeches, seeders, info_sha256, url, is_legal, size_in_bytes)
values ('9f7e5bfc-afc8-469b-9e1d-36511ec47bf2', '2024-06-02T02:16:07Z', 91, 67,
        'a8c3ec16dc9f8f10c13b78ac43cc36a77713e0efd037afad5c3b88320abd76a6',
        'https://cbc.ca/amet/nulla/quisque/arcu/libero/rutrum/ac.js?pulvinar=turpis&sed=integer&nisl=aliquet&nunc=massa&rhoncus=id&dui=lobortis&vel=convallis&sem=tortor&sed=risus&sagittis=dapibus&nam=augue&congue=vel&risus=accumsan&semper=tellus&porta=nisi&volutpat=eu&quam=orci',
        true, 62847);
insert into torrent.resource (id, upload_time, leeches, seeders, info_sha256, url, is_legal, size_in_bytes)
values ('86a74d25-4761-478c-87b4-888b9cbc0707', '2024-08-05T00:18:25Z', 10, 59,
        '99248e5c961f4c023449871f5c6f97e5a487d847503fc96553af61feb3b93664',
        'https://weather.com/posuere/cubilia/curae/duis/faucibus/accumsan.png?lectus=blandit&aliquam=mi&sit=in&amet=porttitor&diam=pede&in=justo&magna=eu&bibendum=massa&imperdiet=donec&nullam=dapibus&orci=duis&pede=at',
        false, 70740);
insert into torrent.resource (id, upload_time, leeches, seeders, info_sha256, url, is_legal, size_in_bytes)
values ('72601402-45fd-4af9-a779-a5bf788c7427', '2024-03-09T13:33:27Z', 7, 30,
        '93fc743ebec75d1f3343af125c727a4a414f5cf1e18e7ce17e84178fe511d45d',
        'https://dell.com/non/quam/nec.aspx?pede=eleifend&venenatis=donec&non=ut&sodales=dolor&sed=morbi&tincidunt=vel&eu=lectus&felis=in&fusce=quam&posuere=fringilla&felis=rhoncus&sed=mauris&lacus=enim&morbi=leo&sem=rhoncus&mauris=sed&laoreet=vestibulum&ut=sit&rhoncus=amet&aliquet=cursus&pulvinar=id&sed=turpis&nisl=integer&nunc=aliquet&rhoncus=massa&dui=id&vel=lobortis&sem=convallis&sed=tortor&sagittis=risus&nam=dapibus&congue=augue&risus=vel&semper=accumsan&porta=tellus&volutpat=nisi&quam=eu&pede=orci&lobortis=mauris&ligula=lacinia&sit=sapien&amet=quis&eleifend=libero&pede=nullam&libero=sit&quis=amet',
        true, 72078);
insert into torrent.resource (id, upload_time, leeches, seeders, info_sha256, url, is_legal, size_in_bytes)
values ('6aa55a1d-a703-4853-950b-331925635629', '2024-04-03T11:58:56Z', 62, 95,
        '454fcecde2300941964270541ad36edf8cd9fb5e94e6c6ea03ef869f04e3b438',
        'https://cloudflare.com/condimentum/curabitur/in.png?vel=semper&nulla=est&eget=quam&eros=pharetra&elementum=magna&pellentesque=ac&quisque=consequat&porta=metus&volutpat=sapien&erat=ut&quisque=nunc&erat=vestibulum&eros=ante&viverra=ipsum&eget=primis&congue=in&eget=faucibus&semper=orci&rutrum=luctus&nulla=et&nunc=ultrices&purus=posuere&phasellus=cubilia&in=curae&felis=mauris&donec=viverra',
        true, 43927);
insert into torrent.resource (id, upload_time, leeches, seeders, info_sha256, url, is_legal, size_in_bytes)
values ('fac7e88a-d9ca-474e-a165-a490faa20515', '2024-09-20T08:32:48Z', 86, 23,
        '9448ec10734dd3abd2c68fa88937e1f23a03911e9e15b909a891f2ea1c8cce09',
        'https://sciencedaily.com/sollicitudin/vitae.js?curabitur=nulla&gravida=mollis&nisi=molestie&at=lorem&nibh=quisque&in=ut&hac=erat&habitasse=curabitur&platea=gravida&dictumst=nisi&aliquam=at&augue=nibh&quam=in&sollicitudin=hac&vitae=habitasse&consectetuer=platea&eget=dictumst&rutrum=aliquam&at=augue&lorem=quam&integer=sollicitudin&tincidunt=vitae&ante=consectetuer&vel=eget&ipsum=rutrum&praesent=at&blandit=lorem&lacinia=integer&erat=tincidunt&vestibulum=ante&sed=vel&magna=ipsum&at=praesent&nunc=blandit&commodo=lacinia&placerat=erat',
        true, 34528);
insert into torrent.resource (id, upload_time, leeches, seeders, info_sha256, url, is_legal, size_in_bytes)
values ('e7217078-b339-4d3e-b469-f161c73fc081', '2024-10-24T14:01:55Z', 89, 100,
        '46f1f2ef8755edbe2c4f77729b55c394fdd96f398b7a713e3c2fcb58e99b363f',
        'https://creativecommons.org/orci/luctus/et/ultrices/posuere/cubilia/curae.xml?ridiculus=eget&mus=rutrum&etiam=at&vel=lorem&augue=integer&vestibulum=tincidunt&rutrum=ante&rutrum=vel&neque=ipsum&aenean=praesent&auctor=blandit&gravida=lacinia&sem=erat&praesent=vestibulum&id=sed',
        false, 69382);
insert into torrent.resource (id, upload_time, leeches, seeders, info_sha256, url, is_legal, size_in_bytes)
values ('c7a5009c-2ae5-44c5-afb5-bf64c46fe26c', '2024-07-26T23:22:02Z', 69, 5,
        'e34205bd56b2556c61f238af47c82b8c20c69ef415e5d13c4fa541f26b392902',
        'http://google.pl/magna/bibendum/imperdiet/nullam.jpg?in=nisi&eleifend=eu&quam=orci&a=mauris&odio=lacinia&in=sapien&hac=quis&habitasse=libero&platea=nullam&dictumst=sit&maecenas=amet&ut=turpis&massa=elementum&quis=ligula&augue=vehicula&luctus=consequat&tincidunt=morbi&nulla=a&mollis=ipsum&molestie=integer&lorem=a&quisque=nibh&ut=in&erat=quis&curabitur=justo',
        false, 4899);
insert into torrent.resource (id, upload_time, leeches, seeders, info_sha256, url, is_legal, size_in_bytes)
values ('258dc54d-1b37-4100-84ce-b73b82a9a5f8', '2024-07-27T08:36:20Z', 57, 75,
        '5497cae9a8e668b52025634c6ab34945fcc943980707bf9e5f9bd87d389ee988',
        'http://ucoz.com/diam/cras/pellentesque/volutpat/dui/maecenas.jsp?sapien=eu&cum=est&sociis=congue&natoque=elementum&penatibus=in&et=hac&magnis=habitasse&dis=platea&parturient=dictumst&montes=morbi&nascetur=vestibulum&ridiculus=velit&mus=id&etiam=pretium&vel=iaculis&augue=diam&vestibulum=erat&rutrum=fermentum&rutrum=justo&neque=nec&aenean=condimentum&auctor=neque&gravida=sapien&sem=placerat&praesent=ante&id=nulla&massa=justo&id=aliquam&nisl=quis&venenatis=turpis&lacinia=eget&aenean=elit&sit=sodales&amet=scelerisque&justo=mauris&morbi=sit&ut=amet&odio=eros&cras=suspendisse&mi=accumsan&pede=tortor&malesuada=quis&in=turpis&imperdiet=sed&et=ante&commodo=vivamus&vulputate=tortor&justo=duis&in=mattis',
        true, 74161);
insert into torrent.resource (id, upload_time, leeches, seeders, info_sha256, url, is_legal, size_in_bytes)
values ('b87992d0-07e8-4722-a46c-0c485531769a', '2024-07-21T21:06:39Z', 64, 45,
        'e3677818ee0506e3fd07d6873d01ad083826a51c5f2c9cf05b8800ad41f452dd',
        'https://twitter.com/a/odio/in/hac/habitasse.png?cras=libero&non=nam&velit=dui&nec=proin&nisi=leo&vulputate=odio&nonummy=porttitor&maecenas=id&tincidunt=consequat&lacus=in&at=consequat&velit=ut&vivamus=nulla&vel=sed&nulla=accumsan&eget=felis&eros=ut&elementum=at&pellentesque=dolor&quisque=quis&porta=odio&volutpat=consequat&erat=varius&quisque=integer&erat=ac',
        false, 71024);
insert into torrent.resource (id, upload_time, leeches, seeders, info_sha256, url, is_legal, size_in_bytes)
values ('de2adefd-7799-4a41-b0b5-443c11fa046e', '2024-03-06T01:05:10Z', 74, 67,
        'd9d47c2c3737d8c9a10ac2bd24ffb8b0c8eced728bba6277eb1472936593b7c8',
        'https://webeden.co.uk/consectetuer/eget/rutrum/at/lorem/integer/tincidunt.jpg?nibh=donec&in=odio&quis=justo&justo=sollicitudin&maecenas=ut&rhoncus=suscipit&aliquam=a&lacus=feugiat&morbi=et&quis=eros&tortor=vestibulum&id=ac&nulla=est&ultrices=lacinia&aliquet=nisi&maecenas=venenatis&leo=tristique&odio=fusce&condimentum=congue&id=diam&luctus=id&nec=ornare&molestie=imperdiet&sed=sapien&justo=urna&pellentesque=pretium&viverra=nisl&pede=ut&ac=volutpat&diam=sapien&cras=arcu&pellentesque=sed&volutpat=augue&dui=aliquam&maecenas=erat&tristique=volutpat&est=in&et=congue&tempus=etiam&semper=justo&est=etiam&quam=pretium&pharetra=iaculis&magna=justo&ac=in&consequat=hac&metus=habitasse&sapien=platea&ut=dictumst&nunc=etiam&vestibulum=faucibus&ante=cursus&ipsum=urna&primis=ut&in=tellus',
        true, 96949);
insert into torrent.resource (id, upload_time, leeches, seeders, info_sha256, url, is_legal, size_in_bytes)
values ('0ae94b84-f390-4195-82c9-44e558a76099', '2024-04-11T12:07:53Z', 88, 82,
        'f385210f7a30e63ceafaba7a4e5672f15274a35b55f0f7dc5ab47785e66e6006',
        'http://cocolog-nifty.com/hac/habitasse/platea.png?cras=vestibulum&pellentesque=ante&volutpat=ipsum&dui=primis&maecenas=in&tristique=faucibus&est=orci&et=luctus&tempus=et&semper=ultrices&est=posuere&quam=cubilia&pharetra=curae&magna=mauris&ac=viverra&consequat=diam&metus=vitae&sapien=quam&ut=suspendisse&nunc=potenti&vestibulum=nullam&ante=porttitor&ipsum=lacus&primis=at&in=turpis&faucibus=donec&orci=posuere&luctus=metus&et=vitae&ultrices=ipsum&posuere=aliquam&cubilia=non&curae=mauris&mauris=morbi&viverra=non&diam=lectus&vitae=aliquam&quam=sit&suspendisse=amet&potenti=diam&nullam=in&porttitor=magna&lacus=bibendum&at=imperdiet&turpis=nullam&donec=orci&posuere=pede&metus=venenatis&vitae=non&ipsum=sodales&aliquam=sed&non=tincidunt&mauris=eu&morbi=felis&non=fusce&lectus=posuere&aliquam=felis&sit=sed&amet=lacus&diam=morbi&in=sem&magna=mauris&bibendum=laoreet&imperdiet=ut&nullam=rhoncus&orci=aliquet',
        false, 46865);
insert into torrent.resource (id, upload_time, leeches, seeders, info_sha256, url, is_legal, size_in_bytes)
values ('6b11809f-c22c-412a-87d1-ed23f3f7ba56', '2024-06-16T14:22:20Z', 89, 18,
        'd6b05bce0a926fb2080d00ae996dcd76791d67408059b4792be9490a2aa80c7b',
        'http://discovery.com/mattis/odio.jsp?pulvinar=faucibus&lobortis=accumsan&est=odio&phasellus=curabitur&sit=convallis&amet=duis&erat=consequat&nulla=dui&tempus=nec&vivamus=nisi&in=volutpat&felis=eleifend&eu=donec&sapien=ut&cursus=dolor&vestibulum=morbi&proin=vel&eu=lectus&mi=in&nulla=quam&ac=fringilla&enim=rhoncus&in=mauris&tempor=enim&turpis=leo&nec=rhoncus&euismod=sed&scelerisque=vestibulum&quam=sit&turpis=amet&adipiscing=cursus&lorem=id&vitae=turpis&mattis=integer&nibh=aliquet&ligula=massa&nec=id&sem=lobortis&duis=convallis',
        true, 14250);
insert into torrent.resource (id, upload_time, leeches, seeders, info_sha256, url, is_legal, size_in_bytes)
values ('9f527479-34d3-423c-875b-a20c88bab7f1', '2024-04-06T05:36:49Z', 18, 81,
        '8ebb19d9cb1d45f578d3d9b448ca554f5c473ad87f1ae65c85aac3960675c649',
        'http://example.com/quam/sapien/varius/ut/blandit/non/interdum.html?orci=et&mauris=ultrices&lacinia=posuere&sapien=cubilia&quis=curae&libero=mauris&nullam=viverra&sit=diam&amet=vitae&turpis=quam&elementum=suspendisse&ligula=potenti&vehicula=nullam&consequat=porttitor&morbi=lacus&a=at&ipsum=turpis&integer=donec&a=posuere&nibh=metus&in=vitae&quis=ipsum&justo=aliquam&maecenas=non&rhoncus=mauris&aliquam=morbi&lacus=non&morbi=lectus&quis=aliquam&tortor=sit&id=amet&nulla=diam&ultrices=in&aliquet=magna&maecenas=bibendum&leo=imperdiet&odio=nullam&condimentum=orci&id=pede&luctus=venenatis&nec=non&molestie=sodales&sed=sed&justo=tincidunt&pellentesque=eu&viverra=felis&pede=fusce&ac=posuere&diam=felis&cras=sed&pellentesque=lacus&volutpat=morbi&dui=sem&maecenas=mauris&tristique=laoreet&est=ut&et=rhoncus&tempus=aliquet&semper=pulvinar&est=sed&quam=nisl&pharetra=nunc&magna=rhoncus&ac=dui&consequat=vel&metus=sem&sapien=sed&ut=sagittis&nunc=nam&vestibulum=congue&ante=risus&ipsum=semper&primis=porta&in=volutpat&faucibus=quam&orci=pede&luctus=lobortis&et=ligula&ultrices=sit&posuere=amet&cubilia=eleifend&curae=pede&mauris=libero&viverra=quis&diam=orci&vitae=nullam&quam=molestie&suspendisse=nibh&potenti=in&nullam=lectus&porttitor=pellentesque&lacus=at&at=nulla&turpis=suspendisse&donec=potenti',
        true, 29620);
insert into torrent.resource (id, upload_time, leeches, seeders, info_sha256, url, is_legal, size_in_bytes)
values ('5a3dc10f-a2e3-4363-bcad-e65723178e98', '2024-01-14T23:15:04Z', 17, 55,
        '0fef4e748aca7a5a003bdafde7f73210e43071b919dc0fc5dced213cb953882d',
        'http://utexas.edu/vitae/mattis/nibh/ligula/nec/sem.xml?vel=sapien&sem=cursus&sed=vestibulum&sagittis=proin&nam=eu&congue=mi&risus=nulla&semper=ac&porta=enim&volutpat=in&quam=tempor&pede=turpis&lobortis=nec&ligula=euismod&sit=scelerisque&amet=quam&eleifend=turpis&pede=adipiscing&libero=lorem&quis=vitae',
        true, 30733);
insert into torrent.resource (id, upload_time, leeches, seeders, info_sha256, url, is_legal, size_in_bytes)
values ('cc827187-e665-459e-bd53-38cab8be5843', '2023-12-16T06:03:10Z', 68, 42,
        '5db803a8697a94477ad7ebb05524613123fdd1b68b02fa0ea938e5eb75905780',
        'https://e-recht24.de/faucibus/orci/luctus/et/ultrices.html?donec=elementum&vitae=nullam&nisi=varius&nam=nulla&ultrices=facilisi&libero=cras&non=non&mattis=velit&pulvinar=nec&nulla=nisi&pede=vulputate&ullamcorper=nonummy&augue=maecenas&a=tincidunt&suscipit=lacus&nulla=at&elit=velit&ac=vivamus&nulla=vel&sed=nulla&vel=eget&enim=eros&sit=elementum&amet=pellentesque&nunc=quisque&viverra=porta&dapibus=volutpat&nulla=erat',
        false, 68699);
insert into torrent.resource (id, upload_time, leeches, seeders, info_sha256, url, is_legal, size_in_bytes)
values ('2b4c59a1-96b7-4eee-a47d-3d69d8cf8fd9', '2024-08-27T03:21:56Z', 44, 19,
        'cba0e839607bbb00a32cd820a06f5716c3e9dc78ef8ed7521a4bc44251400edf',
        'http://craigslist.org/felis/donec/semper/sapien/a/libero/nam.json?magna=at&bibendum=dolor&imperdiet=quis&nullam=odio&orci=consequat&pede=varius&venenatis=integer&non=ac&sodales=leo&sed=pellentesque&tincidunt=ultrices&eu=mattis&felis=odio&fusce=donec&posuere=vitae&felis=nisi&sed=nam&lacus=ultrices&morbi=libero&sem=non&mauris=mattis&laoreet=pulvinar&ut=nulla&rhoncus=pede&aliquet=ullamcorper&pulvinar=augue&sed=a&nisl=suscipit&nunc=nulla&rhoncus=elit&dui=ac&vel=nulla&sem=sed&sed=vel&sagittis=enim&nam=sit&congue=amet&risus=nunc&semper=viverra&porta=dapibus&volutpat=nulla&quam=suscipit&pede=ligula&lobortis=in&ligula=lacus&sit=curabitur&amet=at&eleifend=ipsum&pede=ac&libero=tellus&quis=semper&orci=interdum&nullam=mauris&molestie=ullamcorper&nibh=purus&in=sit&lectus=amet&pellentesque=nulla&at=quisque&nulla=arcu&suspendisse=libero&potenti=rutrum&cras=ac&in=lobortis&purus=vel&eu=dapibus&magna=at&vulputate=diam&luctus=nam&cum=tristique&sociis=tortor',
        true, 47880);
insert into torrent.resource (id, upload_time, leeches, seeders, info_sha256, url, is_legal, size_in_bytes)
values ('f5c6f0f2-36ba-4217-8b47-07e79ccc357a', '2024-07-06T16:03:07Z', 71, 12,
        '9fc3c350b0c7547b035604503e26805eb4039dbbba93138ce9db19d7fef8d5a0',
        'http://1688.com/eu/sapien/cursus/vestibulum/proin/eu/mi.png?phasellus=aenean&sit=fermentum&amet=donec&erat=ut&nulla=mauris&tempus=eget&vivamus=massa&in=tempor&felis=convallis&eu=nulla&sapien=neque&cursus=libero&vestibulum=convallis&proin=eget&eu=eleifend&mi=luctus&nulla=ultricies&ac=eu&enim=nibh&in=quisque&tempor=id&turpis=justo&nec=sit&euismod=amet&scelerisque=sapien&quam=dignissim&turpis=vestibulum&adipiscing=vestibulum&lorem=ante&vitae=ipsum&mattis=primis&nibh=in&ligula=faucibus&nec=orci&sem=luctus&duis=et&aliquam=ultrices&convallis=posuere&nunc=cubilia&proin=curae&at=nulla&turpis=dapibus&a=dolor&pede=vel&posuere=est&nonummy=donec&integer=odio&non=justo&velit=sollicitudin&donec=ut&diam=suscipit&neque=a&vestibulum=feugiat&eget=et',
        false, 94153);
insert into torrent.resource (id, upload_time, leeches, seeders, info_sha256, url, is_legal, size_in_bytes)
values ('22fb047a-a258-4976-9d59-26c0e5e3432a', '2024-08-14T10:56:52Z', 31, 29,
        'a66ad4d7878ec40320eb6b99bc82eb142d88b3387f4a4746751e02da56a06249',
        'http://smh.com.au/erat/nulla.jpg?vestibulum=nam&ante=congue&ipsum=risus&primis=semper&in=porta&faucibus=volutpat&orci=quam&luctus=pede&et=lobortis&ultrices=ligula&posuere=sit&cubilia=amet&curae=eleifend&duis=pede&faucibus=libero&accumsan=quis&odio=orci&curabitur=nullam&convallis=molestie&duis=nibh&consequat=in&dui=lectus&nec=pellentesque&nisi=at&volutpat=nulla&eleifend=suspendisse&donec=potenti&ut=cras&dolor=in&morbi=purus&vel=eu&lectus=magna&in=vulputate&quam=luctus&fringilla=cum&rhoncus=sociis&mauris=natoque&enim=penatibus&leo=et&rhoncus=magnis&sed=dis&vestibulum=parturient&sit=montes&amet=nascetur',
        false, 14656);
insert into torrent.resource (id, upload_time, leeches, seeders, info_sha256, url, is_legal, size_in_bytes)
values ('cb7b5a74-07c7-4102-8c1f-01578e5bd65e', '2023-12-15T13:35:02Z', 18, 61,
        'a5512a3c5d1873f52d955b06e59eeb2bcf0d162d63994bd1f9697047d5e08722',
        'http://mapquest.com/neque/libero/convallis.xml?nulla=eleifend&ac=quam&enim=a&in=odio&tempor=in&turpis=hac&nec=habitasse&euismod=platea&scelerisque=dictumst&quam=maecenas&turpis=ut&adipiscing=massa&lorem=quis&vitae=augue&mattis=luctus&nibh=tincidunt&ligula=nulla&nec=mollis&sem=molestie&duis=lorem&aliquam=quisque&convallis=ut&nunc=erat&proin=curabitur&at=gravida&turpis=nisi&a=at&pede=nibh&posuere=in&nonummy=hac&integer=habitasse&non=platea&velit=dictumst&donec=aliquam&diam=augue&neque=quam&vestibulum=sollicitudin&eget=vitae&vulputate=consectetuer&ut=eget&ultrices=rutrum&vel=at&augue=lorem&vestibulum=integer&ante=tincidunt&ipsum=ante&primis=vel&in=ipsum&faucibus=praesent&orci=blandit&luctus=lacinia&et=erat&ultrices=vestibulum&posuere=sed&cubilia=magna&curae=at&donec=nunc&pharetra=commodo&magna=placerat&vestibulum=praesent&aliquet=blandit&ultrices=nam&erat=nulla&tortor=integer&sollicitudin=pede&mi=justo&sit=lacinia&amet=eget&lobortis=tincidunt&sapien=eget&sapien=tempus&non=vel&mi=pede&integer=morbi&ac=porttitor',
        true, 18018);
insert into torrent.resource (id, upload_time, leeches, seeders, info_sha256, url, is_legal, size_in_bytes)
values ('abed90de-e6e3-41bb-8fec-d87ae1f22c7b', '2023-12-23T02:37:14Z', 94, 93,
        '65488a36f88eef169015153565549c841ed5af7cac6e2ae1a296a031c3c59a17',
        'http://people.com.cn/ridiculus/mus.html?in=porttitor&blandit=id&ultrices=consequat&enim=in&lorem=consequat&ipsum=ut&dolor=nulla&sit=sed&amet=accumsan&consectetuer=felis&adipiscing=ut&elit=at&proin=dolor&interdum=quis&mauris=odio&non=consequat&ligula=varius&pellentesque=integer&ultrices=ac&phasellus=leo&id=pellentesque&sapien=ultrices&in=mattis&sapien=odio&iaculis=donec&congue=vitae&vivamus=nisi&metus=nam&arcu=ultrices&adipiscing=libero&molestie=non&hendrerit=mattis&at=pulvinar&vulputate=nulla&vitae=pede&nisl=ullamcorper&aenean=augue&lectus=a&pellentesque=suscipit&eget=nulla&nunc=elit&donec=ac&quis=nulla&orci=sed&eget=vel&orci=enim&vehicula=sit&condimentum=amet&curabitur=nunc&in=viverra&libero=dapibus&ut=nulla&massa=suscipit&volutpat=ligula&convallis=in&morbi=lacus',
        false, 93473);
insert into torrent.resource (id, upload_time, leeches, seeders, info_sha256, url, is_legal, size_in_bytes)
values ('16866ac4-7745-4e27-a72c-70c9031e58cb', '2024-01-20T11:57:28Z', 64, 59,
        '3d137efab60d22cba88f93b9dd1f0c70cb791852f4903c1c65825eded4c4574d',
        'https://reuters.com/luctus/nec/molestie/sed/justo/pellentesque/viverra.jsp?duis=sit&mattis=amet&egestas=turpis&metus=elementum&aenean=ligula&fermentum=vehicula&donec=consequat&ut=morbi&mauris=a&eget=ipsum&massa=integer&tempor=a&convallis=nibh&nulla=in&neque=quis&libero=justo&convallis=maecenas&eget=rhoncus&eleifend=aliquam&luctus=lacus&ultricies=morbi&eu=quis&nibh=tortor&quisque=id&id=nulla&justo=ultrices&sit=aliquet&amet=maecenas&sapien=leo&dignissim=odio&vestibulum=condimentum&vestibulum=id&ante=luctus&ipsum=nec&primis=molestie&in=sed&faucibus=justo&orci=pellentesque&luctus=viverra&et=pede&ultrices=ac&posuere=diam&cubilia=cras&curae=pellentesque&nulla=volutpat&dapibus=dui&dolor=maecenas&vel=tristique&est=est&donec=et&odio=tempus&justo=semper&sollicitudin=est&ut=quam&suscipit=pharetra&a=magna&feugiat=ac&et=consequat&eros=metus&vestibulum=sapien&ac=ut&est=nunc&lacinia=vestibulum&nisi=ante&venenatis=ipsum&tristique=primis&fusce=in&congue=faucibus&diam=orci&id=luctus&ornare=et&imperdiet=ultrices&sapien=posuere&urna=cubilia&pretium=curae&nisl=mauris&ut=viverra&volutpat=diam&sapien=vitae&arcu=quam&sed=suspendisse&augue=potenti',
        false, 19720);
insert into torrent.resource (id, upload_time, leeches, seeders, info_sha256, url, is_legal, size_in_bytes)
values ('8831ded5-b91b-44f6-970b-f20d77c9d95b', '2024-10-18T23:35:38Z', 10, 75,
        '341eb29e47b67e51bebc9414c71e4199d6b5bca2b8079e3a3b813bdddac4e40e',
        'http://patch.com/integer/a/nibh.aspx?justo=morbi&in=porttitor&hac=lorem&habitasse=id&platea=ligula&dictumst=suspendisse&etiam=ornare&faucibus=consequat&cursus=lectus&urna=in&ut=est&tellus=risus&nulla=auctor&ut=sed&erat=tristique&id=in&mauris=tempus&vulputate=sit&elementum=amet&nullam=sem&varius=fusce&nulla=consequat&facilisi=nulla&cras=nisl&non=nunc&velit=nisl&nec=duis&nisi=bibendum&vulputate=felis&nonummy=sed&maecenas=interdum&tincidunt=venenatis&lacus=turpis&at=enim&velit=blandit&vivamus=mi&vel=in&nulla=porttitor&eget=pede&eros=justo&elementum=eu&pellentesque=massa&quisque=donec&porta=dapibus&volutpat=duis&erat=at&quisque=velit&erat=eu&eros=est&viverra=congue&eget=elementum&congue=in&eget=hac&semper=habitasse&rutrum=platea&nulla=dictumst&nunc=morbi&purus=vestibulum&phasellus=velit&in=id&felis=pretium&donec=iaculis&semper=diam&sapien=erat&a=fermentum&libero=justo&nam=nec&dui=condimentum&proin=neque&leo=sapien&odio=placerat&porttitor=ante&id=nulla&consequat=justo&in=aliquam&consequat=quis&ut=turpis&nulla=eget&sed=elit&accumsan=sodales&felis=scelerisque&ut=mauris&at=sit&dolor=amet&quis=eros&odio=suspendisse&consequat=accumsan&varius=tortor&integer=quis&ac=turpis&leo=sed',
        true, 76194);
insert into torrent.resource (id, upload_time, leeches, seeders, info_sha256, url, is_legal, size_in_bytes)
values ('aec3cb1f-f48d-4f5b-8c04-f885bcacff4a', '2024-08-09T14:48:52Z', 70, 29,
        '7b3a3d0eccf286584b9c1941072ced18946fb5ac907cee4ea4385effa4c22aaa',
        'https://elpais.com/porta/volutpat.aspx?sit=ipsum&amet=primis&justo=in&morbi=faucibus&ut=orci&odio=luctus&cras=et&mi=ultrices&pede=posuere&malesuada=cubilia&in=curae&imperdiet=donec&et=pharetra&commodo=magna&vulputate=vestibulum&justo=aliquet&in=ultrices&blandit=erat&ultrices=tortor&enim=sollicitudin&lorem=mi&ipsum=sit&dolor=amet&sit=lobortis&amet=sapien&consectetuer=sapien&adipiscing=non&elit=mi&proin=integer&interdum=ac&mauris=neque&non=duis&ligula=bibendum&pellentesque=morbi&ultrices=non&phasellus=quam&id=nec&sapien=dui&in=luctus&sapien=rutrum&iaculis=nulla&congue=tellus&vivamus=in&metus=sagittis&arcu=dui&adipiscing=vel&molestie=nisl&hendrerit=duis&at=ac&vulputate=nibh&vitae=fusce&nisl=lacus&aenean=purus&lectus=aliquet&pellentesque=at&eget=feugiat&nunc=non&donec=pretium&quis=quis&orci=lectus&eget=suspendisse&orci=potenti&vehicula=in&condimentum=eleifend&curabitur=quam&in=a&libero=odio&ut=in&massa=hac&volutpat=habitasse&convallis=platea&morbi=dictumst&odio=maecenas&odio=ut&elementum=massa&eu=quis&interdum=augue&eu=luctus&tincidunt=tincidunt&in=nulla&leo=mollis&maecenas=molestie&pulvinar=lorem&lobortis=quisque&est=ut&phasellus=erat&sit=curabitur&amet=gravida&erat=nisi&nulla=at&tempus=nibh&vivamus=in',
        false, 80161);
insert into torrent.resource (id, upload_time, leeches, seeders, info_sha256, url, is_legal, size_in_bytes)
values ('86736cd2-f038-4b25-b2ee-0ca150d2f4b4', '2023-11-15T07:34:49Z', 43, 66,
        '97cf06c5239cb42b36c7272d8fe87cd36990680359677f392ce6d1116e1f1a40',
        'http://mozilla.org/ut.aspx?vivamus=purus&metus=phasellus&arcu=in&adipiscing=felis&molestie=donec&hendrerit=semper&at=sapien&vulputate=a&vitae=libero&nisl=nam&aenean=dui&lectus=proin&pellentesque=leo&eget=odio&nunc=porttitor&donec=id&quis=consequat&orci=in&eget=consequat&orci=ut&vehicula=nulla&condimentum=sed&curabitur=accumsan&in=felis&libero=ut&ut=at&massa=dolor&volutpat=quis&convallis=odio&morbi=consequat&odio=varius&odio=integer&elementum=ac&eu=leo&interdum=pellentesque&eu=ultrices&tincidunt=mattis&in=odio&leo=donec&maecenas=vitae&pulvinar=nisi&lobortis=nam&est=ultrices&phasellus=libero&sit=non&amet=mattis&erat=pulvinar&nulla=nulla&tempus=pede&vivamus=ullamcorper&in=augue&felis=a&eu=suscipit&sapien=nulla&cursus=elit',
        false, 59937);
insert into torrent.resource (id, upload_time, leeches, seeders, info_sha256, url, is_legal, size_in_bytes)
values ('19678a34-e91d-4103-b576-9474d67ea982', '2024-08-25T15:07:56Z', 69, 77,
        'e1206f1a4632ad1c88e47f2eafc53703ac6653fd1261232fec6fc50a8e2c616c',
        'http://ifeng.com/tristique/in/tempus/sit/amet/sem.xml?nullam=facilisi&orci=cras&pede=non&venenatis=velit&non=nec&sodales=nisi&sed=vulputate&tincidunt=nonummy&eu=maecenas&felis=tincidunt&fusce=lacus&posuere=at&felis=velit&sed=vivamus&lacus=vel&morbi=nulla&sem=eget&mauris=eros&laoreet=elementum',
        true, 20296);
insert into torrent.resource (id, upload_time, leeches, seeders, info_sha256, url, is_legal, size_in_bytes)
values ('69ae4d80-9136-460f-b1c5-abf34cdd1cb5', '2024-07-09T22:56:28Z', 81, 45,
        'b613b915797d5f861ef47baee974215992c333e8ec86093fea1565e9aac5721a',
        'http://networkadvertising.org/lorem/vitae/mattis/nibh.json?pellentesque=blandit&viverra=non&pede=interdum&ac=in&diam=ante&cras=vestibulum&pellentesque=ante&volutpat=ipsum&dui=primis&maecenas=in&tristique=faucibus&est=orci&et=luctus&tempus=et&semper=ultrices&est=posuere&quam=cubilia&pharetra=curae&magna=duis&ac=faucibus&consequat=accumsan&metus=odio&sapien=curabitur&ut=convallis&nunc=duis&vestibulum=consequat&ante=dui&ipsum=nec&primis=nisi&in=volutpat&faucibus=eleifend&orci=donec&luctus=ut&et=dolor&ultrices=morbi&posuere=vel&cubilia=lectus&curae=in&mauris=quam&viverra=fringilla&diam=rhoncus&vitae=mauris&quam=enim&suspendisse=leo&potenti=rhoncus&nullam=sed&porttitor=vestibulum&lacus=sit&at=amet&turpis=cursus&donec=id&posuere=turpis&metus=integer&vitae=aliquet&ipsum=massa&aliquam=id&non=lobortis&mauris=convallis&morbi=tortor',
        true, 48110);
insert into torrent.resource (id, upload_time, leeches, seeders, info_sha256, url, is_legal, size_in_bytes)
values ('316fde0d-1a48-48e5-adea-76d3e21525bb', '2024-04-26T20:00:10Z', 70, 46,
        '872198bc922b28032db0dcb9ac2fe50e6eaa5555778235248055e80ce203c0df',
        'https://goo.ne.jp/parturient.html?nonummy=lorem&maecenas=quisque&tincidunt=ut&lacus=erat&at=curabitur&velit=gravida&vivamus=nisi&vel=at&nulla=nibh&eget=in&eros=hac&elementum=habitasse&pellentesque=platea&quisque=dictumst&porta=aliquam&volutpat=augue',
        true, 57954);
insert into torrent.resource (id, upload_time, leeches, seeders, info_sha256, url, is_legal, size_in_bytes)
values ('28279bd7-815d-42c2-a7a6-d999f19f415d', '2024-06-27T22:52:07Z', 60, 90,
        '6ae702b94e08cd0e166beb30bd2b08f7c6c1f92fd4783a8646b52288c245c328',
        'http://who.int/orci/luctus/et/ultrices/posuere/cubilia.xml?pellentesque=lectus&quisque=in&porta=quam&volutpat=fringilla&erat=rhoncus&quisque=mauris&erat=enim&eros=leo&viverra=rhoncus&eget=sed&congue=vestibulum&eget=sit&semper=amet&rutrum=cursus&nulla=id&nunc=turpis&purus=integer&phasellus=aliquet&in=massa&felis=id&donec=lobortis&semper=convallis&sapien=tortor&a=risus&libero=dapibus&nam=augue&dui=vel&proin=accumsan&leo=tellus&odio=nisi&porttitor=eu&id=orci&consequat=mauris&in=lacinia&consequat=sapien&ut=quis&nulla=libero&sed=nullam&accumsan=sit&felis=amet&ut=turpis&at=elementum&dolor=ligula&quis=vehicula&odio=consequat&consequat=morbi&varius=a&integer=ipsum&ac=integer&leo=a&pellentesque=nibh&ultrices=in&mattis=quis&odio=justo&donec=maecenas&vitae=rhoncus&nisi=aliquam&nam=lacus&ultrices=morbi&libero=quis&non=tortor&mattis=id&pulvinar=nulla&nulla=ultrices&pede=aliquet&ullamcorper=maecenas&augue=leo&a=odio&suscipit=condimentum&nulla=id&elit=luctus&ac=nec',
        false, 44979);
insert into torrent.resource (id, upload_time, leeches, seeders, info_sha256, url, is_legal, size_in_bytes)
values ('58c1b148-513c-4319-b08a-385f12befe47', '2024-04-07T11:10:42Z', 63, 9,
        'c15afc4b410a50f4b33c6d3c04de5b7fa1c51880ee4f75a2972c3d2f573f8d06',
        'https://istockphoto.com/platea/dictumst/morbi/vestibulum/velit.aspx?non=sodales&quam=sed&nec=tincidunt&dui=eu&luctus=felis&rutrum=fusce&nulla=posuere&tellus=felis&in=sed&sagittis=lacus&dui=morbi&vel=sem&nisl=mauris&duis=laoreet&ac=ut&nibh=rhoncus&fusce=aliquet&lacus=pulvinar&purus=sed&aliquet=nisl&at=nunc&feugiat=rhoncus&non=dui&pretium=vel&quis=sem&lectus=sed&suspendisse=sagittis&potenti=nam&in=congue&eleifend=risus&quam=semper&a=porta&odio=volutpat&in=quam&hac=pede&habitasse=lobortis&platea=ligula&dictumst=sit&maecenas=amet&ut=eleifend&massa=pede&quis=libero&augue=quis&luctus=orci&tincidunt=nullam&nulla=molestie&mollis=nibh&molestie=in&lorem=lectus&quisque=pellentesque&ut=at&erat=nulla&curabitur=suspendisse&gravida=potenti&nisi=cras&at=in&nibh=purus&in=eu&hac=magna&habitasse=vulputate&platea=luctus&dictumst=cum&aliquam=sociis&augue=natoque&quam=penatibus&sollicitudin=et&vitae=magnis&consectetuer=dis&eget=parturient&rutrum=montes&at=nascetur&lorem=ridiculus&integer=mus&tincidunt=vivamus&ante=vestibulum&vel=sagittis&ipsum=sapien&praesent=cum&blandit=sociis&lacinia=natoque&erat=penatibus&vestibulum=et&sed=magnis&magna=dis&at=parturient&nunc=montes&commodo=nascetur&placerat=ridiculus&praesent=mus&blandit=etiam&nam=vel&nulla=augue&integer=vestibulum&pede=rutrum&justo=rutrum&lacinia=neque&eget=aenean',
        true, 14075);
insert into torrent.resource (id, upload_time, leeches, seeders, info_sha256, url, is_legal, size_in_bytes)
values ('bee827f7-153f-4ea6-8560-c56c457a6dd8', '2023-12-19T07:05:31Z', 9, 35,
        '0ead73249ae5b49b0f84610c3398b81391e1b54a6f9b12f90e12f8cbb0a46f63',
        'http://cam.ac.uk/donec.aspx?orci=id&luctus=ligula&et=suspendisse&ultrices=ornare&posuere=consequat&cubilia=lectus&curae=in&nulla=est&dapibus=risus&dolor=auctor&vel=sed&est=tristique&donec=in&odio=tempus&justo=sit&sollicitudin=amet&ut=sem&suscipit=fusce&a=consequat&feugiat=nulla&et=nisl&eros=nunc&vestibulum=nisl&ac=duis&est=bibendum&lacinia=felis&nisi=sed&venenatis=interdum&tristique=venenatis&fusce=turpis&congue=enim&diam=blandit&id=mi&ornare=in&imperdiet=porttitor&sapien=pede&urna=justo&pretium=eu&nisl=massa&ut=donec&volutpat=dapibus&sapien=duis&arcu=at&sed=velit&augue=eu&aliquam=est&erat=congue&volutpat=elementum&in=in&congue=hac',
        true, 27097);
insert into torrent.resource (id, upload_time, leeches, seeders, info_sha256, url, is_legal, size_in_bytes)
values ('9d049c58-229d-4ec8-9cdb-162b0d9f9345', '2024-07-21T07:35:02Z', 77, 14,
        '4f83a7ab90270d29ae6ca1dbbcae9f7c0b7b423a5656f5741aed50a4d56eaf96',
        'https://chicagotribune.com/sodales.jsp?et=elementum&commodo=ligula&vulputate=vehicula&justo=consequat&in=morbi&blandit=a&ultrices=ipsum&enim=integer&lorem=a&ipsum=nibh&dolor=in&sit=quis&amet=justo&consectetuer=maecenas&adipiscing=rhoncus&elit=aliquam&proin=lacus&interdum=morbi&mauris=quis&non=tortor&ligula=id&pellentesque=nulla&ultrices=ultrices&phasellus=aliquet&id=maecenas&sapien=leo&in=odio&sapien=condimentum&iaculis=id&congue=luctus&vivamus=nec&metus=molestie&arcu=sed&adipiscing=justo&molestie=pellentesque&hendrerit=viverra&at=pede&vulputate=ac&vitae=diam&nisl=cras&aenean=pellentesque&lectus=volutpat&pellentesque=dui&eget=maecenas&nunc=tristique&donec=est&quis=et&orci=tempus&eget=semper&orci=est&vehicula=quam&condimentum=pharetra&curabitur=magna&in=ac&libero=consequat&ut=metus&massa=sapien&volutpat=ut&convallis=nunc&morbi=vestibulum&odio=ante&odio=ipsum&elementum=primis&eu=in&interdum=faucibus&eu=orci&tincidunt=luctus&in=et',
        false, 21529);
insert into torrent.resource (id, upload_time, leeches, seeders, info_sha256, url, is_legal, size_in_bytes)
values ('3fd3ebf8-5f0e-4f81-82ac-4093890c7db0', '2024-04-25T23:31:42Z', 4, 36,
        '85033d2b3cbdfa15c3a2ed5a475b12c9fb467c65d3a8b90ac145ed1820d18235',
        'http://amazon.co.uk/suscipit/nulla.png?aenean=quis&lectus=orci&pellentesque=eget&eget=orci&nunc=vehicula&donec=condimentum&quis=curabitur&orci=in&eget=libero&orci=ut&vehicula=massa&condimentum=volutpat&curabitur=convallis&in=morbi&libero=odio&ut=odio&massa=elementum&volutpat=eu&convallis=interdum&morbi=eu&odio=tincidunt&odio=in&elementum=leo&eu=maecenas&interdum=pulvinar&eu=lobortis&tincidunt=est&in=phasellus&leo=sit&maecenas=amet&pulvinar=erat&lobortis=nulla&est=tempus&phasellus=vivamus',
        false, 88873);
insert into torrent.resource (id, upload_time, leeches, seeders, info_sha256, url, is_legal, size_in_bytes)
values ('b4d53818-aefd-4c80-bf50-dae0a23bc41f', '2024-03-21T18:45:12Z', 53, 11,
        '647d16a191d448b08cad9e5562007fc94230ca883a10c06b23690582cf5c1262',
        'https://sourceforge.net/in/tempor.xml?eu=tempus&massa=semper&donec=est&dapibus=quam&duis=pharetra&at=magna&velit=ac&eu=consequat&est=metus&congue=sapien&elementum=ut&in=nunc&hac=vestibulum&habitasse=ante&platea=ipsum&dictumst=primis&morbi=in&vestibulum=faucibus&velit=orci&id=luctus&pretium=et&iaculis=ultrices&diam=posuere&erat=cubilia&fermentum=curae&justo=mauris&nec=viverra&condimentum=diam&neque=vitae&sapien=quam&placerat=suspendisse&ante=potenti&nulla=nullam&justo=porttitor&aliquam=lacus&quis=at&turpis=turpis&eget=donec&elit=posuere&sodales=metus&scelerisque=vitae&mauris=ipsum&sit=aliquam&amet=non&eros=mauris&suspendisse=morbi&accumsan=non&tortor=lectus&quis=aliquam&turpis=sit&sed=amet&ante=diam&vivamus=in&tortor=magna&duis=bibendum&mattis=imperdiet&egestas=nullam&metus=orci&aenean=pede&fermentum=venenatis&donec=non&ut=sodales&mauris=sed&eget=tincidunt&massa=eu&tempor=felis&convallis=fusce&nulla=posuere&neque=felis&libero=sed&convallis=lacus&eget=morbi&eleifend=sem&luctus=mauris&ultricies=laoreet&eu=ut&nibh=rhoncus&quisque=aliquet&id=pulvinar&justo=sed&sit=nisl&amet=nunc&sapien=rhoncus&dignissim=dui&vestibulum=vel&vestibulum=sem&ante=sed&ipsum=sagittis&primis=nam&in=congue&faucibus=risus&orci=semper&luctus=porta&et=volutpat',
        true, 13156);
insert into torrent.resource (id, upload_time, leeches, seeders, info_sha256, url, is_legal, size_in_bytes)
values ('51c760af-1888-4309-b28c-6c72ba43c5a7', '2024-04-22T06:49:49Z', 34, 91,
        '560c5af59815e6ebea61f1490d7f5bdbacc1a9c74ca2175f3a6de229ab8d6283',
        'http://miibeian.gov.cn/auctor/gravida/sem.js?nibh=aenean&in=auctor&quis=gravida&justo=sem&maecenas=praesent&rhoncus=id&aliquam=massa&lacus=id&morbi=nisl&quis=venenatis&tortor=lacinia&id=aenean&nulla=sit&ultrices=amet&aliquet=justo&maecenas=morbi&leo=ut&odio=odio&condimentum=cras&id=mi&luctus=pede&nec=malesuada&molestie=in&sed=imperdiet&justo=et&pellentesque=commodo&viverra=vulputate&pede=justo&ac=in&diam=blandit&cras=ultrices&pellentesque=enim&volutpat=lorem&dui=ipsum&maecenas=dolor&tristique=sit&est=amet&et=consectetuer&tempus=adipiscing&semper=elit&est=proin&quam=interdum&pharetra=mauris&magna=non&ac=ligula&consequat=pellentesque&metus=ultrices&sapien=phasellus&ut=id&nunc=sapien&vestibulum=in&ante=sapien&ipsum=iaculis&primis=congue&in=vivamus&faucibus=metus&orci=arcu&luctus=adipiscing&et=molestie&ultrices=hendrerit&posuere=at&cubilia=vulputate&curae=vitae&mauris=nisl&viverra=aenean&diam=lectus&vitae=pellentesque&quam=eget&suspendisse=nunc&potenti=donec',
        true, 72297);
insert into torrent.resource (id, upload_time, leeches, seeders, info_sha256, url, is_legal, size_in_bytes)
values ('d5c9cd40-e0d2-4d29-8cb0-c16ac6e0c4aa', '2024-01-04T21:12:15Z', 96, 68,
        'fb4e15ed53e4211104cd78c20a40d79ca2f099257ec6c3771e2061fa46bc1ed1',
        'http://geocities.com/nulla/ultrices/aliquet/maecenas.xml?eu=ridiculus&interdum=mus&eu=vivamus&tincidunt=vestibulum&in=sagittis&leo=sapien&maecenas=cum&pulvinar=sociis&lobortis=natoque&est=penatibus&phasellus=et&sit=magnis&amet=dis&erat=parturient&nulla=montes&tempus=nascetur&vivamus=ridiculus&in=mus&felis=etiam&eu=vel&sapien=augue&cursus=vestibulum&vestibulum=rutrum&proin=rutrum&eu=neque&mi=aenean&nulla=auctor&ac=gravida&enim=sem&in=praesent&tempor=id&turpis=massa&nec=id&euismod=nisl&scelerisque=venenatis&quam=lacinia&turpis=aenean&adipiscing=sit&lorem=amet&vitae=justo&mattis=morbi&nibh=ut&ligula=odio&nec=cras&sem=mi&duis=pede&aliquam=malesuada&convallis=in&nunc=imperdiet&proin=et&at=commodo&turpis=vulputate&a=justo&pede=in&posuere=blandit&nonummy=ultrices&integer=enim&non=lorem&velit=ipsum',
        true, 42414);
insert into torrent.resource (id, upload_time, leeches, seeders, info_sha256, url, is_legal, size_in_bytes)
values ('275a4db2-d27e-4a05-9537-424932af3e1c', '2024-04-13T07:39:18Z', 14, 26,
        '66b9362187d7969afe883f3dfcf91ff0abca972a8ce4543539d4f3e6325d2183',
        'http://ibm.com/penatibus/et/magnis/dis/parturient/montes.aspx?sed=potenti&ante=cras&vivamus=in&tortor=purus&duis=eu&mattis=magna&egestas=vulputate&metus=luctus&aenean=cum&fermentum=sociis&donec=natoque&ut=penatibus&mauris=et&eget=magnis&massa=dis&tempor=parturient&convallis=montes&nulla=nascetur&neque=ridiculus&libero=mus&convallis=vivamus&eget=vestibulum&eleifend=sagittis&luctus=sapien&ultricies=cum&eu=sociis&nibh=natoque&quisque=penatibus&id=et&justo=magnis&sit=dis&amet=parturient&sapien=montes&dignissim=nascetur&vestibulum=ridiculus&vestibulum=mus&ante=etiam&ipsum=vel&primis=augue&in=vestibulum&faucibus=rutrum&orci=rutrum&luctus=neque&et=aenean&ultrices=auctor&posuere=gravida&cubilia=sem&curae=praesent&nulla=id&dapibus=massa&dolor=id&vel=nisl&est=venenatis&donec=lacinia&odio=aenean&justo=sit&sollicitudin=amet&ut=justo&suscipit=morbi&a=ut&feugiat=odio&et=cras&eros=mi&vestibulum=pede&ac=malesuada&est=in&lacinia=imperdiet&nisi=et&venenatis=commodo&tristique=vulputate&fusce=justo&congue=in&diam=blandit&id=ultrices&ornare=enim&imperdiet=lorem&sapien=ipsum&urna=dolor&pretium=sit&nisl=amet&ut=consectetuer&volutpat=adipiscing&sapien=elit&arcu=proin&sed=interdum&augue=mauris&aliquam=non&erat=ligula&volutpat=pellentesque&in=ultrices&congue=phasellus&etiam=id&justo=sapien',
        true, 41157);
insert into torrent.resource (id, upload_time, leeches, seeders, info_sha256, url, is_legal, size_in_bytes)
values ('e7c10140-11fd-4181-b382-ff4101340373', '2024-05-08T04:34:24Z', 93, 38,
        'e9d4bb548eaf9e3476d627b295ad5ea1e1f3d8f2958bdcfa5230e0f992ad4d4c',
        'https://arizona.edu/varius/ut.jpg?duis=vivamus&faucibus=vestibulum&accumsan=sagittis&odio=sapien&curabitur=cum&convallis=sociis&duis=natoque&consequat=penatibus&dui=et&nec=magnis&nisi=dis&volutpat=parturient&eleifend=montes&donec=nascetur&ut=ridiculus&dolor=mus&morbi=etiam&vel=vel&lectus=augue&in=vestibulum&quam=rutrum&fringilla=rutrum&rhoncus=neque&mauris=aenean&enim=auctor&leo=gravida&rhoncus=sem&sed=praesent&vestibulum=id&sit=massa&amet=id&cursus=nisl&id=venenatis&turpis=lacinia&integer=aenean&aliquet=sit&massa=amet&id=justo&lobortis=morbi&convallis=ut&tortor=odio&risus=cras&dapibus=mi&augue=pede&vel=malesuada&accumsan=in&tellus=imperdiet&nisi=et&eu=commodo&orci=vulputate&mauris=justo&lacinia=in',
        true, 51476);
insert into torrent.resource (id, upload_time, leeches, seeders, info_sha256, url, is_legal, size_in_bytes)
values ('354ed58b-32c5-4aa8-b002-a771bf2a85cb', '2023-11-08T16:09:43Z', 20, 84,
        'd6bebc6d7d882ece7143440236e80df0d8354cd3ccbce94d8474bef837ea0688',
        'http://goo.ne.jp/nec/euismod/scelerisque/quam/turpis.html?primis=platea&in=dictumst&faucibus=aliquam&orci=augue&luctus=quam&et=sollicitudin&ultrices=vitae&posuere=consectetuer&cubilia=eget&curae=rutrum&donec=at&pharetra=lorem&magna=integer&vestibulum=tincidunt&aliquet=ante&ultrices=vel&erat=ipsum&tortor=praesent&sollicitudin=blandit&mi=lacinia&sit=erat&amet=vestibulum&lobortis=sed&sapien=magna&sapien=at&non=nunc&mi=commodo&integer=placerat&ac=praesent&neque=blandit&duis=nam&bibendum=nulla&morbi=integer&non=pede&quam=justo&nec=lacinia&dui=eget&luctus=tincidunt&rutrum=eget&nulla=tempus&tellus=vel&in=pede&sagittis=morbi',
        true, 88694);
insert into torrent.resource (id, upload_time, leeches, seeders, info_sha256, url, is_legal, size_in_bytes)
values ('ce6f1627-5a01-4644-87fa-cac6dca8d158', '2023-11-25T22:47:50Z', 90, 84,
        '575d874c8d77d40c58b213911bdc2980f27ce5e9c9017d99e151106015fd1818',
        'http://un.org/pede.html?integer=at&a=turpis&nibh=donec&in=posuere&quis=metus&justo=vitae&maecenas=ipsum&rhoncus=aliquam&aliquam=non&lacus=mauris&morbi=morbi&quis=non&tortor=lectus&id=aliquam',
        false, 49020);
insert into torrent.resource (id, upload_time, leeches, seeders, info_sha256, url, is_legal, size_in_bytes)
values ('7f3fdc55-357c-495f-8f21-ea117815d481', '2024-05-11T06:12:51Z', 36, 63,
        '5fdc1ce9aa37962a3831eec1bba3e6ae27d3da64c1a879167eb7ca7710f9db78',
        'https://chronoengine.com/ut/ultrices/vel/augue/vestibulum/ante.js?vestibulum=eget&proin=congue&eu=eget&mi=semper&nulla=rutrum&ac=nulla&enim=nunc&in=purus&tempor=phasellus&turpis=in&nec=felis&euismod=donec&scelerisque=semper&quam=sapien&turpis=a&adipiscing=libero&lorem=nam&vitae=dui&mattis=proin&nibh=leo&ligula=odio&nec=porttitor&sem=id&duis=consequat&aliquam=in&convallis=consequat&nunc=ut&proin=nulla&at=sed&turpis=accumsan&a=felis&pede=ut&posuere=at&nonummy=dolor&integer=quis&non=odio&velit=consequat&donec=varius&diam=integer&neque=ac&vestibulum=leo',
        false, 4846);
insert into torrent.resource (id, upload_time, leeches, seeders, info_sha256, url, is_legal, size_in_bytes)
values ('44e60dc6-4808-4933-aa49-d0eaf18138e9', '2023-12-19T17:24:48Z', 27, 39,
        'f7b8afc7d3cb513daf29ff076f403c12b45ee68d0738856b833991a7db98fc0d',
        'http://free.fr/lorem/quisque/ut/erat/curabitur/gravida/nisi.png?in=adipiscing&tempor=lorem&turpis=vitae&nec=mattis&euismod=nibh&scelerisque=ligula&quam=nec&turpis=sem&adipiscing=duis&lorem=aliquam&vitae=convallis&mattis=nunc&nibh=proin&ligula=at&nec=turpis&sem=a&duis=pede&aliquam=posuere&convallis=nonummy&nunc=integer&proin=non&at=velit&turpis=donec&a=diam&pede=neque&posuere=vestibulum&nonummy=eget&integer=vulputate&non=ut&velit=ultrices&donec=vel&diam=augue&neque=vestibulum&vestibulum=ante&eget=ipsum&vulputate=primis&ut=in&ultrices=faucibus&vel=orci&augue=luctus&vestibulum=et&ante=ultrices&ipsum=posuere&primis=cubilia&in=curae&faucibus=donec&orci=pharetra&luctus=magna&et=vestibulum&ultrices=aliquet&posuere=ultrices&cubilia=erat&curae=tortor&donec=sollicitudin&pharetra=mi&magna=sit&vestibulum=amet&aliquet=lobortis&ultrices=sapien&erat=sapien&tortor=non',
        false, 87151);
insert into torrent.resource (id, upload_time, leeches, seeders, info_sha256, url, is_legal, size_in_bytes)
values ('ce73ea30-a02d-47fd-8780-7ea398f64712', '2023-12-27T15:23:42Z', 71, 25,
        '5e4f9850ea69e070c444e59e1c46f48f73c69246e18c3e214a76201093559e3c',
        'https://nih.gov/sed/tristique/in/tempus.aspx?convallis=justo&duis=nec&consequat=condimentum&dui=neque&nec=sapien&nisi=placerat&volutpat=ante&eleifend=nulla&donec=justo&ut=aliquam&dolor=quis&morbi=turpis&vel=eget&lectus=elit&in=sodales&quam=scelerisque&fringilla=mauris&rhoncus=sit&mauris=amet&enim=eros&leo=suspendisse&rhoncus=accumsan&sed=tortor&vestibulum=quis&sit=turpis&amet=sed&cursus=ante&id=vivamus&turpis=tortor&integer=duis&aliquet=mattis&massa=egestas&id=metus&lobortis=aenean&convallis=fermentum&tortor=donec&risus=ut&dapibus=mauris&augue=eget&vel=massa&accumsan=tempor&tellus=convallis&nisi=nulla&eu=neque&orci=libero&mauris=convallis&lacinia=eget&sapien=eleifend&quis=luctus&libero=ultricies&nullam=eu&sit=nibh&amet=quisque&turpis=id&elementum=justo&ligula=sit&vehicula=amet&consequat=sapien&morbi=dignissim&a=vestibulum&ipsum=vestibulum&integer=ante&a=ipsum&nibh=primis&in=in&quis=faucibus&justo=orci&maecenas=luctus&rhoncus=et&aliquam=ultrices&lacus=posuere&morbi=cubilia&quis=curae&tortor=nulla&id=dapibus&nulla=dolor&ultrices=vel&aliquet=est&maecenas=donec&leo=odio&odio=justo&condimentum=sollicitudin&id=ut&luctus=suscipit&nec=a&molestie=feugiat&sed=et&justo=eros&pellentesque=vestibulum&viverra=ac&pede=est&ac=lacinia&diam=nisi&cras=venenatis&pellentesque=tristique&volutpat=fusce',
        true, 20083);
insert into torrent.resource (id, upload_time, leeches, seeders, info_sha256, url, is_legal, size_in_bytes)
values ('4202c24a-f90d-43d5-aa2a-5d38327f5ee7', '2024-06-05T20:53:15Z', 38, 40,
        '6bc177461069783bcabe16adb6e250f91cedbb77a5143beba02a9a492f5f1291',
        'https://cam.ac.uk/molestie/lorem/quisque/ut/erat.jsp?pharetra=sit&magna=amet&ac=diam&consequat=in&metus=magna&sapien=bibendum&ut=imperdiet&nunc=nullam&vestibulum=orci&ante=pede&ipsum=venenatis&primis=non&in=sodales&faucibus=sed&orci=tincidunt&luctus=eu&et=felis&ultrices=fusce&posuere=posuere&cubilia=felis&curae=sed&mauris=lacus&viverra=morbi&diam=sem&vitae=mauris&quam=laoreet&suspendisse=ut&potenti=rhoncus&nullam=aliquet&porttitor=pulvinar&lacus=sed&at=nisl&turpis=nunc&donec=rhoncus&posuere=dui&metus=vel&vitae=sem&ipsum=sed&aliquam=sagittis&non=nam&mauris=congue&morbi=risus&non=semper&lectus=porta&aliquam=volutpat&sit=quam&amet=pede&diam=lobortis&in=ligula&magna=sit&bibendum=amet&imperdiet=eleifend&nullam=pede&orci=libero&pede=quis&venenatis=orci&non=nullam&sodales=molestie&sed=nibh&tincidunt=in&eu=lectus&felis=pellentesque&fusce=at&posuere=nulla&felis=suspendisse&sed=potenti&lacus=cras&morbi=in',
        false, 33412);
insert into torrent.resource (id, upload_time, leeches, seeders, info_sha256, url, is_legal, size_in_bytes)
values ('8e028a64-e408-444d-a608-fa2d106fd195', '2024-06-02T21:46:58Z', 28, 14,
        '45ddc8ff70675e40bc3d35c41fd845317f77b8d481814f5594ee4c25050b2dcb',
        'https://state.tx.us/orci/luctus/et/ultrices/posuere.aspx?cras=in&in=quis&purus=justo&eu=maecenas&magna=rhoncus&vulputate=aliquam&luctus=lacus&cum=morbi&sociis=quis&natoque=tortor&penatibus=id&et=nulla&magnis=ultrices&dis=aliquet&parturient=maecenas&montes=leo&nascetur=odio&ridiculus=condimentum&mus=id&vivamus=luctus&vestibulum=nec&sagittis=molestie&sapien=sed&cum=justo&sociis=pellentesque&natoque=viverra&penatibus=pede&et=ac&magnis=diam&dis=cras&parturient=pellentesque&montes=volutpat&nascetur=dui&ridiculus=maecenas&mus=tristique&etiam=est&vel=et&augue=tempus',
        true, 6420);
insert into torrent.resource (id, upload_time, leeches, seeders, info_sha256, url, is_legal, size_in_bytes)
values ('1ebdf3ce-e494-4c3e-a790-c86bc08e4d67', '2024-01-07T10:15:45Z', 44, 58,
        '32b1528c2746f01ea10ff83646ecd2b1a7f4c04a4190f3504de2f0cdec01979d',
        'http://github.io/pretium.html?potenti=turpis&nullam=a&porttitor=pede&lacus=posuere&at=nonummy&turpis=integer&donec=non&posuere=velit&metus=donec&vitae=diam&ipsum=neque&aliquam=vestibulum&non=eget&mauris=vulputate&morbi=ut&non=ultrices&lectus=vel&aliquam=augue&sit=vestibulum&amet=ante&diam=ipsum&in=primis&magna=in&bibendum=faucibus&imperdiet=orci&nullam=luctus&orci=et&pede=ultrices&venenatis=posuere&non=cubilia&sodales=curae',
        true, 71122);
insert into torrent.resource (id, upload_time, leeches, seeders, info_sha256, url, is_legal, size_in_bytes)
values ('ac8225ee-d339-43ad-a225-5e62372ef759', '2024-07-14T05:19:02Z', 1, 47,
        '0a36faa60ea6ebace977025242824c3b9538a62f4d8db2c4e54903241069412e',
        'https://msu.edu/turpis/integer/aliquet/massa/id/lobortis.js?nibh=in&fusce=hac&lacus=habitasse&purus=platea&aliquet=dictumst&at=maecenas&feugiat=ut&non=massa&pretium=quis&quis=augue&lectus=luctus&suspendisse=tincidunt&potenti=nulla&in=mollis&eleifend=molestie&quam=lorem&a=quisque&odio=ut&in=erat&hac=curabitur&habitasse=gravida&platea=nisi&dictumst=at&maecenas=nibh&ut=in&massa=hac&quis=habitasse&augue=platea&luctus=dictumst&tincidunt=aliquam&nulla=augue&mollis=quam&molestie=sollicitudin&lorem=vitae&quisque=consectetuer&ut=eget&erat=rutrum&curabitur=at&gravida=lorem&nisi=integer&at=tincidunt&nibh=ante&in=vel&hac=ipsum&habitasse=praesent&platea=blandit&dictumst=lacinia&aliquam=erat&augue=vestibulum&quam=sed&sollicitudin=magna&vitae=at',
        true, 79351);
insert into torrent.resource (id, upload_time, leeches, seeders, info_sha256, url, is_legal, size_in_bytes)
values ('43619229-320c-46b5-bbac-a4f471d08dfc', '2024-03-23T09:23:16Z', 70, 7,
        '25cd89bcba2d39b7e415f11ce055649d1e5d833a0e9e71996975dd52063f5140',
        'https://examiner.com/eget/tincidunt.png?pulvinar=tempus&sed=vel&nisl=pede&nunc=morbi&rhoncus=porttitor&dui=lorem&vel=id&sem=ligula&sed=suspendisse&sagittis=ornare&nam=consequat&congue=lectus&risus=in&semper=est&porta=risus&volutpat=auctor&quam=sed&pede=tristique&lobortis=in&ligula=tempus&sit=sit&amet=amet&eleifend=sem&pede=fusce&libero=consequat&quis=nulla&orci=nisl&nullam=nunc&molestie=nisl&nibh=duis&in=bibendum&lectus=felis&pellentesque=sed&at=interdum&nulla=venenatis&suspendisse=turpis&potenti=enim&cras=blandit&in=mi&purus=in&eu=porttitor&magna=pede&vulputate=justo&luctus=eu&cum=massa&sociis=donec&natoque=dapibus&penatibus=duis&et=at&magnis=velit&dis=eu&parturient=est&montes=congue&nascetur=elementum&ridiculus=in&mus=hac&vivamus=habitasse&vestibulum=platea&sagittis=dictumst&sapien=morbi&cum=vestibulum&sociis=velit&natoque=id&penatibus=pretium&et=iaculis&magnis=diam&dis=erat&parturient=fermentum&montes=justo&nascetur=nec&ridiculus=condimentum&mus=neque&etiam=sapien&vel=placerat&augue=ante&vestibulum=nulla&rutrum=justo&rutrum=aliquam&neque=quis&aenean=turpis&auctor=eget',
        true, 26016);
insert into torrent.resource (id, upload_time, leeches, seeders, info_sha256, url, is_legal, size_in_bytes)
values ('cd66b88c-50c7-4ca8-b276-9532b0ebbca2', '2024-05-21T15:21:42Z', 94, 94,
        '7c06c67165026fa2919b0af7278a0d66b7a134fe86a513ded85ac3ff49255fa2',
        'http://last.fm/adipiscing/elit.jsp?iaculis=fusce&justo=posuere&in=felis&hac=sed&habitasse=lacus&platea=morbi&dictumst=sem&etiam=mauris&faucibus=laoreet&cursus=ut&urna=rhoncus&ut=aliquet&tellus=pulvinar&nulla=sed&ut=nisl&erat=nunc&id=rhoncus&mauris=dui&vulputate=vel&elementum=sem&nullam=sed&varius=sagittis&nulla=nam&facilisi=congue&cras=risus&non=semper&velit=porta&nec=volutpat&nisi=quam&vulputate=pede&nonummy=lobortis&maecenas=ligula&tincidunt=sit&lacus=amet&at=eleifend&velit=pede&vivamus=libero&vel=quis&nulla=orci&eget=nullam&eros=molestie',
        true, 83748);
insert into torrent.resource (id, upload_time, leeches, seeders, info_sha256, url, is_legal, size_in_bytes)
values ('b8018acc-9aef-4b73-9a4e-e01d84d9f318', '2024-02-20T17:29:33Z', 95, 7,
        'd92fb7a183f2a0689ac52f2dbdeca11ec716049d8c9dcf6e7ef22cdd5a58e5e5',
        'https://usa.gov/ipsum/dolor.html?massa=elit&id=sodales&lobortis=scelerisque&convallis=mauris&tortor=sit&risus=amet&dapibus=eros&augue=suspendisse&vel=accumsan&accumsan=tortor&tellus=quis&nisi=turpis&eu=sed&orci=ante&mauris=vivamus&lacinia=tortor&sapien=duis&quis=mattis&libero=egestas&nullam=metus&sit=aenean&amet=fermentum&turpis=donec&elementum=ut&ligula=mauris&vehicula=eget&consequat=massa&morbi=tempor&a=convallis&ipsum=nulla&integer=neque&a=libero&nibh=convallis&in=eget&quis=eleifend&justo=luctus&maecenas=ultricies&rhoncus=eu&aliquam=nibh&lacus=quisque&morbi=id&quis=justo&tortor=sit&id=amet&nulla=sapien&ultrices=dignissim&aliquet=vestibulum&maecenas=vestibulum&leo=ante&odio=ipsum&condimentum=primis&id=in&luctus=faucibus&nec=orci&molestie=luctus&sed=et&justo=ultrices&pellentesque=posuere&viverra=cubilia&pede=curae&ac=nulla&diam=dapibus&cras=dolor&pellentesque=vel&volutpat=est&dui=donec&maecenas=odio&tristique=justo&est=sollicitudin&et=ut&tempus=suscipit&semper=a&est=feugiat&quam=et&pharetra=eros&magna=vestibulum&ac=ac&consequat=est&metus=lacinia&sapien=nisi&ut=venenatis&nunc=tristique&vestibulum=fusce&ante=congue&ipsum=diam&primis=id&in=ornare&faucibus=imperdiet&orci=sapien&luctus=urna&et=pretium&ultrices=nisl&posuere=ut&cubilia=volutpat&curae=sapien&mauris=arcu&viverra=sed&diam=augue&vitae=aliquam',
        true, 55481);
insert into torrent.resource (id, upload_time, leeches, seeders, info_sha256, url, is_legal, size_in_bytes)
values ('d1e5f0c9-6cab-43de-ba2c-bb7d59270c31', '2024-01-10T13:27:41Z', 27, 33,
        '6d2d908f03a16a9fad7f044353247fda6236dcd25ce18bbf30dcc336eeef625a',
        'https://arizona.edu/aenean.png?sollicitudin=consequat&vitae=dui&consectetuer=nec&eget=nisi&rutrum=volutpat&at=eleifend&lorem=donec&integer=ut&tincidunt=dolor&ante=morbi&vel=vel&ipsum=lectus&praesent=in&blandit=quam&lacinia=fringilla&erat=rhoncus&vestibulum=mauris&sed=enim&magna=leo&at=rhoncus&nunc=sed&commodo=vestibulum&placerat=sit&praesent=amet&blandit=cursus&nam=id&nulla=turpis&integer=integer&pede=aliquet&justo=massa&lacinia=id&eget=lobortis&tincidunt=convallis&eget=tortor&tempus=risus&vel=dapibus&pede=augue&morbi=vel&porttitor=accumsan&lorem=tellus&id=nisi&ligula=eu&suspendisse=orci&ornare=mauris&consequat=lacinia&lectus=sapien&in=quis&est=libero&risus=nullam&auctor=sit&sed=amet&tristique=turpis&in=elementum&tempus=ligula&sit=vehicula&amet=consequat&sem=morbi&fusce=a&consequat=ipsum&nulla=integer&nisl=a&nunc=nibh&nisl=in&duis=quis&bibendum=justo&felis=maecenas&sed=rhoncus&interdum=aliquam&venenatis=lacus&turpis=morbi&enim=quis&blandit=tortor&mi=id&in=nulla&porttitor=ultrices&pede=aliquet',
        true, 79351);
insert into torrent.resource (id, upload_time, leeches, seeders, info_sha256, url, is_legal, size_in_bytes)
values ('d9071722-e23b-43c2-aa3e-1c8b94bf7366', '2024-03-31T15:25:23Z', 83, 84,
        '872181c846020da447083b7a9c478634d9126ba999f15fee5194282db449a5c5',
        'http://nba.com/at/nulla/suspendisse.jsp?lorem=nisi&integer=at&tincidunt=nibh&ante=in&vel=hac&ipsum=habitasse&praesent=platea&blandit=dictumst&lacinia=aliquam&erat=augue&vestibulum=quam&sed=sollicitudin&magna=vitae&at=consectetuer&nunc=eget&commodo=rutrum&placerat=at&praesent=lorem&blandit=integer&nam=tincidunt&nulla=ante&integer=vel&pede=ipsum&justo=praesent&lacinia=blandit&eget=lacinia&tincidunt=erat&eget=vestibulum&tempus=sed&vel=magna&pede=at&morbi=nunc&porttitor=commodo',
        false, 62866);
insert into torrent.resource (id, upload_time, leeches, seeders, info_sha256, url, is_legal, size_in_bytes)
values ('3690ea3a-a63d-41c8-807f-f223159c9f1f', '2024-08-11T05:19:26Z', 4, 56,
        'aa228ca36ea4a197311a4be2e248c9a611a40c05c55347351a769ca91eaeeabe',
        'https://irs.gov/congue.json?lorem=eros&vitae=viverra&mattis=eget&nibh=congue&ligula=eget&nec=semper&sem=rutrum&duis=nulla&aliquam=nunc&convallis=purus&nunc=phasellus&proin=in&at=felis&turpis=donec&a=semper&pede=sapien&posuere=a&nonummy=libero&integer=nam&non=dui&velit=proin&donec=leo&diam=odio&neque=porttitor&vestibulum=id&eget=consequat&vulputate=in&ut=consequat&ultrices=ut&vel=nulla&augue=sed&vestibulum=accumsan&ante=felis&ipsum=ut&primis=at&in=dolor&faucibus=quis&orci=odio&luctus=consequat&et=varius&ultrices=integer&posuere=ac&cubilia=leo&curae=pellentesque&donec=ultrices&pharetra=mattis&magna=odio&vestibulum=donec&aliquet=vitae&ultrices=nisi&erat=nam&tortor=ultrices&sollicitudin=libero&mi=non&sit=mattis&amet=pulvinar&lobortis=nulla&sapien=pede&sapien=ullamcorper&non=augue&mi=a&integer=suscipit&ac=nulla&neque=elit&duis=ac&bibendum=nulla&morbi=sed&non=vel&quam=enim&nec=sit&dui=amet&luctus=nunc&rutrum=viverra&nulla=dapibus&tellus=nulla&in=suscipit&sagittis=ligula&dui=in&vel=lacus&nisl=curabitur&duis=at&ac=ipsum&nibh=ac&fusce=tellus&lacus=semper&purus=interdum&aliquet=mauris&at=ullamcorper',
        false, 74911);
insert into torrent.resource (id, upload_time, leeches, seeders, info_sha256, url, is_legal, size_in_bytes)
values ('6fdc1e11-0f32-4d07-98ba-93573b3f524c', '2024-10-03T05:13:45Z', 13, 68,
        '15fa8375fc2d703d74f75768a0e0542afe350810ad952feead32f044649b84f2',
        'http://businessinsider.com/vestibulum/ante/ipsum.png?vulputate=nullam&elementum=sit&nullam=amet&varius=turpis&nulla=elementum&facilisi=ligula&cras=vehicula&non=consequat&velit=morbi&nec=a&nisi=ipsum&vulputate=integer&nonummy=a&maecenas=nibh&tincidunt=in&lacus=quis&at=justo&velit=maecenas&vivamus=rhoncus&vel=aliquam&nulla=lacus&eget=morbi&eros=quis&elementum=tortor&pellentesque=id&quisque=nulla&porta=ultrices&volutpat=aliquet&erat=maecenas&quisque=leo&erat=odio&eros=condimentum&viverra=id&eget=luctus&congue=nec&eget=molestie&semper=sed&rutrum=justo&nulla=pellentesque&nunc=viverra&purus=pede&phasellus=ac&in=diam&felis=cras&donec=pellentesque&semper=volutpat&sapien=dui',
        false, 57237);
insert into torrent.resource (id, upload_time, leeches, seeders, info_sha256, url, is_legal, size_in_bytes)
values ('43660367-7831-44f9-903e-4761f20b1a7b', '2024-09-14T01:20:43Z', 92, 43,
        'c2f4566965d7328a9b9c60ffdeab77d74071d1f09e0912558dfabc00adda9189',
        'http://biglobe.ne.jp/sed/justo/pellentesque/viverra/pede.png?ut=diam&volutpat=in&sapien=magna&arcu=bibendum&sed=imperdiet&augue=nullam&aliquam=orci&erat=pede&volutpat=venenatis&in=non&congue=sodales&etiam=sed&justo=tincidunt&etiam=eu&pretium=felis&iaculis=fusce&justo=posuere&in=felis&hac=sed&habitasse=lacus&platea=morbi&dictumst=sem&etiam=mauris&faucibus=laoreet&cursus=ut&urna=rhoncus&ut=aliquet&tellus=pulvinar&nulla=sed&ut=nisl&erat=nunc&id=rhoncus&mauris=dui&vulputate=vel&elementum=sem&nullam=sed&varius=sagittis&nulla=nam&facilisi=congue&cras=risus&non=semper&velit=porta&nec=volutpat&nisi=quam&vulputate=pede&nonummy=lobortis&maecenas=ligula&tincidunt=sit&lacus=amet&at=eleifend&velit=pede&vivamus=libero&vel=quis&nulla=orci&eget=nullam&eros=molestie&elementum=nibh&pellentesque=in&quisque=lectus&porta=pellentesque&volutpat=at&erat=nulla&quisque=suspendisse&erat=potenti&eros=cras&viverra=in&eget=purus&congue=eu&eget=magna&semper=vulputate&rutrum=luctus&nulla=cum&nunc=sociis&purus=natoque&phasellus=penatibus&in=et',
        false, 33975);
insert into torrent.resource (id, upload_time, leeches, seeders, info_sha256, url, is_legal, size_in_bytes)
values ('71b8026a-3596-4d44-bc8e-7f9bdf6e4942', '2024-03-24T12:42:01Z', 57, 64,
        'ae827a195baf5f1897554b14d603973823a79da61e79401e162b2ff440724ba7',
        'https://stanford.edu/nec/dui/luctus/rutrum/nulla.png?in=pede&tempor=justo&turpis=eu&nec=massa&euismod=donec&scelerisque=dapibus&quam=duis&turpis=at&adipiscing=velit&lorem=eu&vitae=est&mattis=congue&nibh=elementum&ligula=in&nec=hac&sem=habitasse&duis=platea&aliquam=dictumst&convallis=morbi&nunc=vestibulum&proin=velit&at=id&turpis=pretium&a=iaculis&pede=diam&posuere=erat&nonummy=fermentum&integer=justo&non=nec&velit=condimentum&donec=neque&diam=sapien&neque=placerat&vestibulum=ante&eget=nulla&vulputate=justo&ut=aliquam&ultrices=quis&vel=turpis&augue=eget&vestibulum=elit&ante=sodales&ipsum=scelerisque&primis=mauris&in=sit&faucibus=amet&orci=eros&luctus=suspendisse&et=accumsan&ultrices=tortor&posuere=quis&cubilia=turpis&curae=sed&donec=ante&pharetra=vivamus&magna=tortor&vestibulum=duis&aliquet=mattis&ultrices=egestas&erat=metus&tortor=aenean&sollicitudin=fermentum&mi=donec&sit=ut&amet=mauris&lobortis=eget&sapien=massa&sapien=tempor&non=convallis&mi=nulla&integer=neque&ac=libero&neque=convallis&duis=eget&bibendum=eleifend&morbi=luctus&non=ultricies&quam=eu&nec=nibh&dui=quisque&luctus=id&rutrum=justo&nulla=sit&tellus=amet&in=sapien&sagittis=dignissim&dui=vestibulum&vel=vestibulum&nisl=ante&duis=ipsum&ac=primis&nibh=in&fusce=faucibus&lacus=orci',
        true, 48616);
insert into torrent.resource (id, upload_time, leeches, seeders, info_sha256, url, is_legal, size_in_bytes)
values ('9ff3816d-03e2-49cd-98e0-e558f15df6d6', '2024-05-27T08:18:37Z', 56, 51,
        '2a509a3e597b39da81b2b96b6643d918e5f6b61098bf0fc00abbd25bcafe2878',
        'http://google.ca/sagittis/nam/congue.jpg?quis=enim&tortor=leo&id=rhoncus&nulla=sed&ultrices=vestibulum&aliquet=sit&maecenas=amet&leo=cursus&odio=id&condimentum=turpis&id=integer&luctus=aliquet&nec=massa&molestie=id&sed=lobortis&justo=convallis&pellentesque=tortor&viverra=risus&pede=dapibus&ac=augue&diam=vel&cras=accumsan',
        true, 99123);
insert into torrent.resource (id, upload_time, leeches, seeders, info_sha256, url, is_legal, size_in_bytes)
values ('d21abf58-b53c-4f6b-a0e7-96183b854457', '2024-06-03T03:57:44Z', 4, 75,
        'a2cae0ed7ba4dc4182e8c5acfe0ce59329349f9dedc93c64ff5fe997bdf07039',
        'http://blogs.com/mauris/morbi/non/lectus/aliquam/sit/amet.jsp?mi=sollicitudin&integer=vitae&ac=consectetuer&neque=eget&duis=rutrum&bibendum=at&morbi=lorem&non=integer&quam=tincidunt&nec=ante&dui=vel&luctus=ipsum&rutrum=praesent&nulla=blandit&tellus=lacinia&in=erat&sagittis=vestibulum&dui=sed&vel=magna&nisl=at&duis=nunc&ac=commodo&nibh=placerat&fusce=praesent&lacus=blandit&purus=nam&aliquet=nulla&at=integer&feugiat=pede&non=justo&pretium=lacinia&quis=eget&lectus=tincidunt&suspendisse=eget&potenti=tempus&in=vel&eleifend=pede&quam=morbi&a=porttitor&odio=lorem&in=id&hac=ligula&habitasse=suspendisse&platea=ornare&dictumst=consequat&maecenas=lectus&ut=in&massa=est&quis=risus&augue=auctor&luctus=sed&tincidunt=tristique&nulla=in&mollis=tempus&molestie=sit&lorem=amet&quisque=sem&ut=fusce&erat=consequat&curabitur=nulla&gravida=nisl&nisi=nunc&at=nisl&nibh=duis&in=bibendum&hac=felis&habitasse=sed&platea=interdum&dictumst=venenatis&aliquam=turpis&augue=enim&quam=blandit&sollicitudin=mi&vitae=in&consectetuer=porttitor&eget=pede&rutrum=justo&at=eu&lorem=massa&integer=donec&tincidunt=dapibus&ante=duis&vel=at&ipsum=velit&praesent=eu&blandit=est&lacinia=congue&erat=elementum',
        false, 74016);
insert into torrent.resource (id, upload_time, leeches, seeders, info_sha256, url, is_legal, size_in_bytes)
values ('47a15f21-a98f-494d-9ee4-014f46e06893', '2024-04-23T04:46:49Z', 38, 52,
        '59d13341d8ba082290d811004b989a50c2a38abb34aba2fec3d5235d472d5077',
        'http://fema.gov/rhoncus/sed/vestibulum/sit.html?sapien=a&dignissim=pede&vestibulum=posuere&vestibulum=nonummy&ante=integer&ipsum=non&primis=velit&in=donec&faucibus=diam&orci=neque&luctus=vestibulum&et=eget&ultrices=vulputate&posuere=ut&cubilia=ultrices&curae=vel&nulla=augue&dapibus=vestibulum&dolor=ante&vel=ipsum&est=primis&donec=in&odio=faucibus&justo=orci&sollicitudin=luctus&ut=et&suscipit=ultrices&a=posuere&feugiat=cubilia&et=curae&eros=donec&vestibulum=pharetra&ac=magna&est=vestibulum&lacinia=aliquet&nisi=ultrices&venenatis=erat&tristique=tortor&fusce=sollicitudin&congue=mi&diam=sit&id=amet&ornare=lobortis&imperdiet=sapien&sapien=sapien&urna=non&pretium=mi&nisl=integer&ut=ac&volutpat=neque&sapien=duis&arcu=bibendum&sed=morbi&augue=non&aliquam=quam&erat=nec&volutpat=dui&in=luctus&congue=rutrum&etiam=nulla&justo=tellus&etiam=in&pretium=sagittis&iaculis=dui&justo=vel&in=nisl&hac=duis&habitasse=ac&platea=nibh&dictumst=fusce&etiam=lacus&faucibus=purus&cursus=aliquet&urna=at&ut=feugiat',
        false, 23412);
insert into torrent.resource (id, upload_time, leeches, seeders, info_sha256, url, is_legal, size_in_bytes)
values ('e2d28848-9849-4e1d-ba0a-097d7d604859', '2024-02-03T01:04:49Z', 62, 10,
        '947ea286c888e645a36c3aabf3e29fe374127081c905ba433dc202746bca68c7',
        'https://youtube.com/eu/sapien/cursus/vestibulum/proin/eu/mi.jpg?quis=auctor&turpis=gravida&sed=sem&ante=praesent&vivamus=id&tortor=massa&duis=id&mattis=nisl&egestas=venenatis&metus=lacinia&aenean=aenean&fermentum=sit&donec=amet&ut=justo&mauris=morbi&eget=ut&massa=odio&tempor=cras&convallis=mi&nulla=pede&neque=malesuada&libero=in&convallis=imperdiet&eget=et&eleifend=commodo&luctus=vulputate&ultricies=justo&eu=in&nibh=blandit&quisque=ultrices&id=enim&justo=lorem&sit=ipsum&amet=dolor&sapien=sit&dignissim=amet&vestibulum=consectetuer&vestibulum=adipiscing&ante=elit&ipsum=proin&primis=interdum&in=mauris&faucibus=non&orci=ligula&luctus=pellentesque&et=ultrices&ultrices=phasellus&posuere=id&cubilia=sapien&curae=in&nulla=sapien&dapibus=iaculis&dolor=congue&vel=vivamus&est=metus&donec=arcu&odio=adipiscing&justo=molestie&sollicitudin=hendrerit&ut=at&suscipit=vulputate&a=vitae&feugiat=nisl&et=aenean&eros=lectus&vestibulum=pellentesque&ac=eget&est=nunc&lacinia=donec&nisi=quis&venenatis=orci&tristique=eget&fusce=orci&congue=vehicula&diam=condimentum&id=curabitur&ornare=in&imperdiet=libero&sapien=ut&urna=massa&pretium=volutpat&nisl=convallis&ut=morbi&volutpat=odio&sapien=odio&arcu=elementum&sed=eu&augue=interdum&aliquam=eu&erat=tincidunt&volutpat=in&in=leo&congue=maecenas&etiam=pulvinar&justo=lobortis&etiam=est&pretium=phasellus&iaculis=sit',
        true, 81094);
insert into torrent.resource (id, upload_time, leeches, seeders, info_sha256, url, is_legal, size_in_bytes)
values ('b630349e-cc0e-47d8-a114-833fc730ffb1', '2024-10-11T08:21:59Z', 96, 55,
        '1a003457572aa4a4225d3fe2cafa831723e6671b0d3ab2864df8a0fea1d9e575',
        'https://samsung.com/etiam.js?montes=placerat&nascetur=ante&ridiculus=nulla&mus=justo&etiam=aliquam&vel=quis&augue=turpis&vestibulum=eget&rutrum=elit&rutrum=sodales&neque=scelerisque&aenean=mauris&auctor=sit&gravida=amet&sem=eros&praesent=suspendisse&id=accumsan&massa=tortor&id=quis&nisl=turpis&venenatis=sed&lacinia=ante&aenean=vivamus&sit=tortor&amet=duis&justo=mattis&morbi=egestas&ut=metus&odio=aenean&cras=fermentum&mi=donec&pede=ut&malesuada=mauris&in=eget&imperdiet=massa&et=tempor&commodo=convallis&vulputate=nulla&justo=neque&in=libero&blandit=convallis&ultrices=eget&enim=eleifend&lorem=luctus&ipsum=ultricies&dolor=eu&sit=nibh&amet=quisque&consectetuer=id&adipiscing=justo&elit=sit&proin=amet&interdum=sapien&mauris=dignissim&non=vestibulum&ligula=vestibulum&pellentesque=ante&ultrices=ipsum&phasellus=primis&id=in&sapien=faucibus&in=orci&sapien=luctus&iaculis=et&congue=ultrices&vivamus=posuere&metus=cubilia&arcu=curae&adipiscing=nulla&molestie=dapibus&hendrerit=dolor&at=vel&vulputate=est',
        false, 4101);
insert into torrent.resource (id, upload_time, leeches, seeders, info_sha256, url, is_legal, size_in_bytes)
values ('075281ab-a70f-4b3f-8869-05bca711fa67', '2024-08-20T01:50:08Z', 42, 28,
        '0686c18e3473eed4cd143d7d8d0b8f58dee195ab9283c25a889cc0d94a611256',
        'https://cbc.ca/nulla.js?malesuada=aliquam&in=non&imperdiet=mauris&et=morbi&commodo=non&vulputate=lectus&justo=aliquam&in=sit&blandit=amet&ultrices=diam&enim=in&lorem=magna&ipsum=bibendum&dolor=imperdiet&sit=nullam&amet=orci&consectetuer=pede&adipiscing=venenatis&elit=non&proin=sodales&interdum=sed&mauris=tincidunt&non=eu&ligula=felis&pellentesque=fusce&ultrices=posuere&phasellus=felis&id=sed&sapien=lacus&in=morbi&sapien=sem&iaculis=mauris&congue=laoreet&vivamus=ut&metus=rhoncus&arcu=aliquet&adipiscing=pulvinar&molestie=sed&hendrerit=nisl&at=nunc&vulputate=rhoncus&vitae=dui&nisl=vel&aenean=sem&lectus=sed&pellentesque=sagittis&eget=nam&nunc=congue&donec=risus&quis=semper&orci=porta&eget=volutpat&orci=quam&vehicula=pede&condimentum=lobortis&curabitur=ligula&in=sit&libero=amet&ut=eleifend&massa=pede&volutpat=libero&convallis=quis&morbi=orci&odio=nullam&odio=molestie&elementum=nibh&eu=in&interdum=lectus&eu=pellentesque&tincidunt=at&in=nulla&leo=suspendisse&maecenas=potenti&pulvinar=cras&lobortis=in&est=purus&phasellus=eu&sit=magna&amet=vulputate&erat=luctus&nulla=cum&tempus=sociis&vivamus=natoque&in=penatibus&felis=et&eu=magnis&sapien=dis&cursus=parturient&vestibulum=montes&proin=nascetur&eu=ridiculus&mi=mus&nulla=vivamus&ac=vestibulum&enim=sagittis&in=sapien&tempor=cum&turpis=sociis',
        true, 30794);
insert into torrent.resource (id, upload_time, leeches, seeders, info_sha256, url, is_legal, size_in_bytes)
values ('a112fd46-a09e-4523-8baf-0bf93e9174c2', '2024-09-14T16:08:27Z', 64, 79,
        'e8e75d62b93e30b24b8bf978a12544a27b324efd75b25461135652ec76d088eb',
        'https://state.tx.us/eleifend/donec/ut/dolor.xml?quam=tempor&a=turpis&odio=nec&in=euismod&hac=scelerisque&habitasse=quam&platea=turpis&dictumst=adipiscing&maecenas=lorem&ut=vitae&massa=mattis&quis=nibh&augue=ligula&luctus=nec&tincidunt=sem&nulla=duis&mollis=aliquam&molestie=convallis&lorem=nunc&quisque=proin&ut=at&erat=turpis&curabitur=a&gravida=pede&nisi=posuere&at=nonummy&nibh=integer&in=non&hac=velit&habitasse=donec&platea=diam&dictumst=neque&aliquam=vestibulum&augue=eget&quam=vulputate&sollicitudin=ut&vitae=ultrices&consectetuer=vel&eget=augue&rutrum=vestibulum&at=ante&lorem=ipsum&integer=primis&tincidunt=in&ante=faucibus&vel=orci&ipsum=luctus&praesent=et&blandit=ultrices',
        true, 74652);
insert into torrent.resource (id, upload_time, leeches, seeders, info_sha256, url, is_legal, size_in_bytes)
values ('b0313dd5-9ba5-4cca-84d9-85a4ad0158c6', '2024-03-14T16:12:35Z', 69, 94,
        '7ed43fe1e70d88f56f4c4924dda961646c569287303882902ed6b6a57fedef44',
        'https://g.co/turpis.js?quis=metus&lectus=aenean&suspendisse=fermentum&potenti=donec&in=ut&eleifend=mauris&quam=eget&a=massa&odio=tempor&in=convallis&hac=nulla&habitasse=neque&platea=libero&dictumst=convallis&maecenas=eget&ut=eleifend&massa=luctus&quis=ultricies&augue=eu&luctus=nibh&tincidunt=quisque&nulla=id&mollis=justo&molestie=sit&lorem=amet&quisque=sapien&ut=dignissim&erat=vestibulum&curabitur=vestibulum&gravida=ante&nisi=ipsum&at=primis&nibh=in&in=faucibus&hac=orci&habitasse=luctus&platea=et&dictumst=ultrices&aliquam=posuere&augue=cubilia&quam=curae&sollicitudin=nulla&vitae=dapibus&consectetuer=dolor&eget=vel&rutrum=est&at=donec&lorem=odio&integer=justo&tincidunt=sollicitudin&ante=ut&vel=suscipit&ipsum=a&praesent=feugiat&blandit=et&lacinia=eros&erat=vestibulum&vestibulum=ac&sed=est',
        false, 61253);
insert into torrent.resource (id, upload_time, leeches, seeders, info_sha256, url, is_legal, size_in_bytes)
values ('3519f342-fe6b-405d-a513-86b37c884450', '2024-01-11T20:35:47Z', 11, 22,
        '295a1c4369986714659e27f26a9fe4a4b37952e31f9c570462daf98a6b9a0918',
        'http://usda.gov/et.html?turpis=elementum&eget=ligula&elit=vehicula&sodales=consequat&scelerisque=morbi&mauris=a&sit=ipsum&amet=integer&eros=a&suspendisse=nibh&accumsan=in&tortor=quis&quis=justo&turpis=maecenas&sed=rhoncus&ante=aliquam&vivamus=lacus&tortor=morbi&duis=quis&mattis=tortor&egestas=id&metus=nulla&aenean=ultrices&fermentum=aliquet&donec=maecenas&ut=leo&mauris=odio',
        false, 11019);
insert into torrent.resource (id, upload_time, leeches, seeders, info_sha256, url, is_legal, size_in_bytes)
values ('1989b0bc-4378-4a6e-8535-e81173133f93', '2024-07-05T08:58:30Z', 35, 89,
        '9b488e192c7de626614aeac2d324ebb06ed89e45c44f9041c568c31ad0780099',
        'http://zdnet.com/odio/curabitur/convallis/duis/consequat/dui/nec.png?ante=molestie&ipsum=hendrerit&primis=at&in=vulputate&faucibus=vitae&orci=nisl&luctus=aenean&et=lectus&ultrices=pellentesque&posuere=eget&cubilia=nunc&curae=donec&nulla=quis&dapibus=orci&dolor=eget&vel=orci&est=vehicula&donec=condimentum&odio=curabitur&justo=in&sollicitudin=libero&ut=ut&suscipit=massa&a=volutpat&feugiat=convallis&et=morbi&eros=odio&vestibulum=odio&ac=elementum&est=eu&lacinia=interdum&nisi=eu&venenatis=tincidunt&tristique=in&fusce=leo&congue=maecenas&diam=pulvinar&id=lobortis&ornare=est&imperdiet=phasellus&sapien=sit&urna=amet&pretium=erat&nisl=nulla&ut=tempus&volutpat=vivamus&sapien=in&arcu=felis&sed=eu&augue=sapien&aliquam=cursus&erat=vestibulum&volutpat=proin&in=eu&congue=mi&etiam=nulla&justo=ac&etiam=enim&pretium=in&iaculis=tempor&justo=turpis&in=nec&hac=euismod&habitasse=scelerisque&platea=quam&dictumst=turpis&etiam=adipiscing&faucibus=lorem&cursus=vitae&urna=mattis&ut=nibh&tellus=ligula&nulla=nec&ut=sem&erat=duis&id=aliquam&mauris=convallis&vulputate=nunc&elementum=proin',
        false, 47295);
insert into torrent.resource (id, upload_time, leeches, seeders, info_sha256, url, is_legal, size_in_bytes)
values ('76eccf00-d73b-4197-a457-727781dcee4f', '2023-11-04T20:17:05Z', 56, 20,
        '27f95f637714c20fcfc403958320b902323d020717aee4034cb55ed44f517d5a',
        'https://census.gov/duis.aspx?in=curae&blandit=duis&ultrices=faucibus&enim=accumsan&lorem=odio&ipsum=curabitur&dolor=convallis&sit=duis&amet=consequat&consectetuer=dui&adipiscing=nec&elit=nisi&proin=volutpat&interdum=eleifend&mauris=donec&non=ut&ligula=dolor&pellentesque=morbi&ultrices=vel&phasellus=lectus&id=in&sapien=quam&in=fringilla&sapien=rhoncus&iaculis=mauris&congue=enim&vivamus=leo&metus=rhoncus&arcu=sed&adipiscing=vestibulum&molestie=sit&hendrerit=amet&at=cursus&vulputate=id&vitae=turpis&nisl=integer&aenean=aliquet&lectus=massa&pellentesque=id&eget=lobortis&nunc=convallis&donec=tortor&quis=risus&orci=dapibus&eget=augue&orci=vel&vehicula=accumsan&condimentum=tellus&curabitur=nisi&in=eu&libero=orci&ut=mauris&massa=lacinia&volutpat=sapien&convallis=quis&morbi=libero&odio=nullam&odio=sit',
        false, 59634);
insert into torrent.resource (id, upload_time, leeches, seeders, info_sha256, url, is_legal, size_in_bytes)
values ('57f85f07-3b26-4caf-9ed1-2092cb1fbd34', '2024-06-26T21:37:21Z', 98, 38,
        '3c9ad0ca37a9b1beaacefb82af9e92a4a69802aaaef74dd0d8e3c7f8f1b9be98',
        'http://ow.ly/nisl/duis.json?venenatis=ut&non=erat&sodales=curabitur&sed=gravida&tincidunt=nisi', true, 18639);
insert into torrent.resource (id, upload_time, leeches, seeders, info_sha256, url, is_legal, size_in_bytes)
values ('79979547-c11c-4ca7-9da7-002458c9684b', '2024-01-08T09:32:56Z', 58, 76,
        '22f63bb5797ee07c06a3a353bec6b80830dbc0eec787c9a0be2196f40d75340d',
        'https://free.fr/ut.jpg?libero=velit&ut=nec&massa=nisi&volutpat=vulputate&convallis=nonummy&morbi=maecenas&odio=tincidunt&odio=lacus&elementum=at&eu=velit&interdum=vivamus&eu=vel&tincidunt=nulla&in=eget&leo=eros&maecenas=elementum&pulvinar=pellentesque&lobortis=quisque&est=porta&phasellus=volutpat&sit=erat&amet=quisque&erat=erat&nulla=eros&tempus=viverra&vivamus=eget&in=congue&felis=eget&eu=semper&sapien=rutrum&cursus=nulla&vestibulum=nunc&proin=purus&eu=phasellus&mi=in&nulla=felis&ac=donec&enim=semper&in=sapien&tempor=a&turpis=libero&nec=nam&euismod=dui&scelerisque=proin&quam=leo&turpis=odio&adipiscing=porttitor&lorem=id&vitae=consequat&mattis=in&nibh=consequat&ligula=ut&nec=nulla&sem=sed&duis=accumsan&aliquam=felis&convallis=ut&nunc=at&proin=dolor&at=quis&turpis=odio&a=consequat&pede=varius&posuere=integer&nonummy=ac',
        false, 57731);
insert into torrent.resource (id, upload_time, leeches, seeders, info_sha256, url, is_legal, size_in_bytes)
values ('5351c391-372f-46a4-83ce-85aaea7742b7', '2023-11-02T07:01:41Z', 88, 22,
        '2d73d94c6545e1286fa6d7fa6b46e8a7154d02555b72775b1210e4f551eca358',
        'http://phpbb.com/lobortis/sapien/sapien/non/mi.jpg?risus=ultricies&praesent=eu&lectus=nibh&vestibulum=quisque&quam=id&sapien=justo&varius=sit&ut=amet&blandit=sapien&non=dignissim&interdum=vestibulum&in=vestibulum&ante=ante&vestibulum=ipsum&ante=primis&ipsum=in&primis=faucibus&in=orci&faucibus=luctus&orci=et&luctus=ultrices&et=posuere&ultrices=cubilia&posuere=curae&cubilia=nulla&curae=dapibus&duis=dolor&faucibus=vel&accumsan=est&odio=donec&curabitur=odio&convallis=justo&duis=sollicitudin&consequat=ut&dui=suscipit&nec=a&nisi=feugiat&volutpat=et&eleifend=eros&donec=vestibulum&ut=ac&dolor=est&morbi=lacinia&vel=nisi&lectus=venenatis&in=tristique&quam=fusce&fringilla=congue&rhoncus=diam&mauris=id&enim=ornare&leo=imperdiet&rhoncus=sapien&sed=urna&vestibulum=pretium&sit=nisl&amet=ut&cursus=volutpat&id=sapien&turpis=arcu&integer=sed&aliquet=augue&massa=aliquam&id=erat&lobortis=volutpat&convallis=in&tortor=congue&risus=etiam&dapibus=justo&augue=etiam&vel=pretium&accumsan=iaculis&tellus=justo&nisi=in&eu=hac&orci=habitasse&mauris=platea&lacinia=dictumst&sapien=etiam&quis=faucibus&libero=cursus',
        false, 93714);
insert into torrent.resource (id, upload_time, leeches, seeders, info_sha256, url, is_legal, size_in_bytes)
values ('4c79c51d-e1a6-4e33-989b-91922db093ec', '2024-08-09T05:10:00Z', 28, 52,
        '6f72918ff88171e2532025ee048f2d989b332c28dd430c2b70dacb45a24fa051',
        'http://360.cn/quisque/erat/eros/viverra/eget/congue.png?quisque=ullamcorper&erat=augue&eros=a&viverra=suscipit&eget=nulla&congue=elit&eget=ac&semper=nulla&rutrum=sed&nulla=vel&nunc=enim&purus=sit&phasellus=amet&in=nunc&felis=viverra&donec=dapibus&semper=nulla&sapien=suscipit&a=ligula&libero=in&nam=lacus&dui=curabitur&proin=at&leo=ipsum&odio=ac&porttitor=tellus',
        true, 93854);
insert into torrent.resource (id, upload_time, leeches, seeders, info_sha256, url, is_legal, size_in_bytes)
values ('e37aeab6-1be7-4fc8-94c1-684e258e660e', '2024-07-14T01:09:12Z', 25, 64,
        'a2edcdfdc68ca97e563a4297aba8085149f84c324edf0788238be16f0269fcc5',
        'https://sciencedirect.com/sapien/cursus.xml?luctus=justo&cum=maecenas&sociis=rhoncus&natoque=aliquam&penatibus=lacus&et=morbi&magnis=quis&dis=tortor&parturient=id&montes=nulla&nascetur=ultrices&ridiculus=aliquet&mus=maecenas&vivamus=leo&vestibulum=odio&sagittis=condimentum&sapien=id&cum=luctus&sociis=nec&natoque=molestie&penatibus=sed&et=justo&magnis=pellentesque&dis=viverra&parturient=pede&montes=ac&nascetur=diam&ridiculus=cras&mus=pellentesque&etiam=volutpat&vel=dui&augue=maecenas&vestibulum=tristique&rutrum=est&rutrum=et&neque=tempus&aenean=semper&auctor=est&gravida=quam&sem=pharetra&praesent=magna&id=ac&massa=consequat&id=metus&nisl=sapien&venenatis=ut&lacinia=nunc&aenean=vestibulum&sit=ante&amet=ipsum&justo=primis&morbi=in&ut=faucibus&odio=orci&cras=luctus&mi=et&pede=ultrices&malesuada=posuere&in=cubilia&imperdiet=curae&et=mauris&commodo=viverra&vulputate=diam&justo=vitae&in=quam&blandit=suspendisse&ultrices=potenti&enim=nullam&lorem=porttitor&ipsum=lacus',
        true, 28231);
insert into torrent.resource (id, upload_time, leeches, seeders, info_sha256, url, is_legal, size_in_bytes)
values ('36c1a79a-a65e-4474-8ffa-8f8e0355b99d', '2024-10-16T03:21:56Z', 67, 92,
        '2f9265c5776b866730e06180a05effafc34da08ad9b5a0319cea407980b9da20',
        'https://google.co.jp/turpis/sed/ante/vivamus/tortor.jsp?integer=in&ac=felis&leo=donec&pellentesque=semper&ultrices=sapien&mattis=a&odio=libero&donec=nam&vitae=dui&nisi=proin&nam=leo&ultrices=odio&libero=porttitor&non=id&mattis=consequat&pulvinar=in&nulla=consequat&pede=ut&ullamcorper=nulla&augue=sed&a=accumsan&suscipit=felis&nulla=ut&elit=at&ac=dolor&nulla=quis&sed=odio&vel=consequat&enim=varius&sit=integer&amet=ac&nunc=leo&viverra=pellentesque&dapibus=ultrices&nulla=mattis&suscipit=odio&ligula=donec&in=vitae&lacus=nisi&curabitur=nam&at=ultrices&ipsum=libero&ac=non&tellus=mattis&semper=pulvinar&interdum=nulla&mauris=pede&ullamcorper=ullamcorper&purus=augue&sit=a&amet=suscipit&nulla=nulla&quisque=elit&arcu=ac&libero=nulla&rutrum=sed',
        false, 79505);
insert into torrent.resource (id, upload_time, leeches, seeders, info_sha256, url, is_legal, size_in_bytes)
values ('388853e4-b20d-4200-9ced-f26e7fe20f32', '2024-07-05T23:49:47Z', 65, 6,
        '12df236f024ff5a1f59452568bdf5925742d6aaa57cd50692212993681b6aed9',
        'http://myspace.com/justo/etiam/pretium.xml?suspendisse=erat&potenti=eros&in=viverra&eleifend=eget&quam=congue&a=eget&odio=semper&in=rutrum&hac=nulla&habitasse=nunc&platea=purus&dictumst=phasellus&maecenas=in&ut=felis&massa=donec&quis=semper&augue=sapien&luctus=a&tincidunt=libero&nulla=nam&mollis=dui&molestie=proin&lorem=leo&quisque=odio&ut=porttitor&erat=id&curabitur=consequat&gravida=in&nisi=consequat&at=ut&nibh=nulla',
        false, 1664);
insert into torrent.resource (id, upload_time, leeches, seeders, info_sha256, url, is_legal, size_in_bytes)
values ('ad2f05a2-99df-499b-9b37-77fd9c74a1e3', '2023-11-27T06:21:10Z', 60, 69,
        '256d73683495eb387388b8869216e58ef550bde43225549dce0aa892111c2cfc',
        'https://mac.com/faucibus/cursus/urna/ut/tellus/nulla/ut.html?adipiscing=dolor&molestie=sit&hendrerit=amet&at=consectetuer&vulputate=adipiscing&vitae=elit&nisl=proin&aenean=interdum&lectus=mauris&pellentesque=non&eget=ligula&nunc=pellentesque&donec=ultrices&quis=phasellus&orci=id&eget=sapien&orci=in&vehicula=sapien&condimentum=iaculis&curabitur=congue&in=vivamus&libero=metus&ut=arcu&massa=adipiscing&volutpat=molestie&convallis=hendrerit&morbi=at&odio=vulputate&odio=vitae&elementum=nisl&eu=aenean&interdum=lectus&eu=pellentesque&tincidunt=eget&in=nunc&leo=donec&maecenas=quis&pulvinar=orci',
        true, 76822);
insert into torrent.resource (id, upload_time, leeches, seeders, info_sha256, url, is_legal, size_in_bytes)
values ('05cf44ed-c3fb-412f-8d9a-06528f1c6b90', '2023-11-07T22:05:28Z', 45, 7,
        '26651d4437d9f38374a298b606ee8ccff8e2f90ca5760aab96e8e5c248f3e834',
        'https://mapy.cz/condimentum/curabitur/in/libero/ut/massa/volutpat.js?tristique=quam&in=sapien&tempus=varius&sit=ut&amet=blandit&sem=non&fusce=interdum&consequat=in&nulla=ante&nisl=vestibulum&nunc=ante&nisl=ipsum&duis=primis&bibendum=in&felis=faucibus&sed=orci&interdum=luctus&venenatis=et&turpis=ultrices&enim=posuere&blandit=cubilia&mi=curae&in=duis&porttitor=faucibus&pede=accumsan&justo=odio&eu=curabitur&massa=convallis&donec=duis&dapibus=consequat&duis=dui&at=nec&velit=nisi&eu=volutpat&est=eleifend&congue=donec&elementum=ut&in=dolor&hac=morbi&habitasse=vel&platea=lectus&dictumst=in&morbi=quam&vestibulum=fringilla&velit=rhoncus&id=mauris&pretium=enim&iaculis=leo&diam=rhoncus&erat=sed&fermentum=vestibulum&justo=sit&nec=amet&condimentum=cursus&neque=id&sapien=turpis&placerat=integer&ante=aliquet&nulla=massa&justo=id&aliquam=lobortis&quis=convallis&turpis=tortor&eget=risus&elit=dapibus&sodales=augue&scelerisque=vel&mauris=accumsan&sit=tellus&amet=nisi&eros=eu&suspendisse=orci&accumsan=mauris&tortor=lacinia&quis=sapien&turpis=quis&sed=libero&ante=nullam&vivamus=sit&tortor=amet&duis=turpis&mattis=elementum&egestas=ligula&metus=vehicula&aenean=consequat&fermentum=morbi&donec=a&ut=ipsum&mauris=integer&eget=a&massa=nibh&tempor=in&convallis=quis&nulla=justo&neque=maecenas&libero=rhoncus',
        false, 56053);
insert into torrent.resource (id, upload_time, leeches, seeders, info_sha256, url, is_legal, size_in_bytes)
values ('209f41e4-52eb-4829-94d2-c158e91cba6b', '2024-08-11T04:24:34Z', 1, 59,
        '1bb03712ec3e0256e7b1c58f3360ac46b93364916baa6e6207958cbe53f097aa',
        'http://eepurl.com/integer.json?pede=id&malesuada=mauris&in=vulputate&imperdiet=elementum&et=nullam&commodo=varius&vulputate=nulla&justo=facilisi&in=cras&blandit=non&ultrices=velit&enim=nec&lorem=nisi&ipsum=vulputate&dolor=nonummy&sit=maecenas&amet=tincidunt&consectetuer=lacus&adipiscing=at&elit=velit&proin=vivamus&interdum=vel&mauris=nulla&non=eget&ligula=eros&pellentesque=elementum&ultrices=pellentesque&phasellus=quisque&id=porta&sapien=volutpat&in=erat&sapien=quisque&iaculis=erat&congue=eros&vivamus=viverra&metus=eget&arcu=congue&adipiscing=eget&molestie=semper&hendrerit=rutrum&at=nulla&vulputate=nunc&vitae=purus&nisl=phasellus&aenean=in&lectus=felis&pellentesque=donec&eget=semper&nunc=sapien&donec=a&quis=libero&orci=nam',
        true, 32173);
insert into torrent.resource (id, upload_time, leeches, seeders, info_sha256, url, is_legal, size_in_bytes)
values ('f786fddd-690f-498d-bee8-f9f6cc63be35', '2024-05-24T09:32:59Z', 51, 69,
        '08c3d06e15e5e0f14e027bd1cc7cfed265719dbc01c64bf5e94088c91a1298d9',
        'https://yale.edu/elementum/pellentesque/quisque/porta/volutpat/erat/quisque.xml?neque=eu&vestibulum=massa&eget=donec&vulputate=dapibus&ut=duis&ultrices=at&vel=velit&augue=eu&vestibulum=est&ante=congue&ipsum=elementum&primis=in&in=hac&faucibus=habitasse&orci=platea&luctus=dictumst&et=morbi&ultrices=vestibulum&posuere=velit&cubilia=id&curae=pretium&donec=iaculis&pharetra=diam&magna=erat&vestibulum=fermentum&aliquet=justo&ultrices=nec&erat=condimentum&tortor=neque&sollicitudin=sapien&mi=placerat&sit=ante&amet=nulla&lobortis=justo&sapien=aliquam&sapien=quis&non=turpis&mi=eget&integer=elit&ac=sodales&neque=scelerisque&duis=mauris&bibendum=sit',
        false, 77920);
insert into torrent.resource (id, upload_time, leeches, seeders, info_sha256, url, is_legal, size_in_bytes)
values ('105ba1d4-6a52-4472-a3d9-d7f8787dcc20', '2024-09-22T06:27:01Z', 99, 15,
        'ee2b868d49079addad9278d2b02b5b3e05d6de0f9bc1cf65909830d767aa083e',
        'http://google.co.jp/in/quam/fringilla.xml?nulla=lobortis&ultrices=ligula&aliquet=sit&maecenas=amet&leo=eleifend&odio=pede&condimentum=libero&id=quis&luctus=orci&nec=nullam&molestie=molestie&sed=nibh&justo=in&pellentesque=lectus&viverra=pellentesque&pede=at&ac=nulla&diam=suspendisse&cras=potenti&pellentesque=cras&volutpat=in&dui=purus&maecenas=eu&tristique=magna&est=vulputate',
        false, 41819);
insert into torrent.resource (id, upload_time, leeches, seeders, info_sha256, url, is_legal, size_in_bytes)
values ('2ccc2b6e-e152-4eb5-b58f-8b632aaca1dd', '2024-09-21T18:32:05Z', 75, 49,
        'f78f4726b9c3ac15e843c26c7785540135528e398580347383ea7e80fc739157',
        'https://unicef.org/proin/interdum/mauris/non.aspx?vitae=donec&mattis=quis&nibh=orci&ligula=eget&nec=orci&sem=vehicula&duis=condimentum&aliquam=curabitur&convallis=in&nunc=libero&proin=ut&at=massa&turpis=volutpat&a=convallis&pede=morbi&posuere=odio&nonummy=odio&integer=elementum&non=eu&velit=interdum&donec=eu&diam=tincidunt&neque=in&vestibulum=leo&eget=maecenas&vulputate=pulvinar&ut=lobortis&ultrices=est&vel=phasellus&augue=sit&vestibulum=amet&ante=erat&ipsum=nulla&primis=tempus&in=vivamus&faucibus=in&orci=felis&luctus=eu&et=sapien&ultrices=cursus&posuere=vestibulum&cubilia=proin&curae=eu&donec=mi&pharetra=nulla&magna=ac&vestibulum=enim&aliquet=in&ultrices=tempor&erat=turpis&tortor=nec&sollicitudin=euismod&mi=scelerisque&sit=quam&amet=turpis&lobortis=adipiscing&sapien=lorem&sapien=vitae&non=mattis&mi=nibh&integer=ligula&ac=nec&neque=sem&duis=duis&bibendum=aliquam&morbi=convallis&non=nunc&quam=proin&nec=at&dui=turpis&luctus=a&rutrum=pede&nulla=posuere&tellus=nonummy&in=integer&sagittis=non&dui=velit&vel=donec&nisl=diam&duis=neque&ac=vestibulum&nibh=eget&fusce=vulputate&lacus=ut&purus=ultrices&aliquet=vel&at=augue&feugiat=vestibulum&non=ante&pretium=ipsum&quis=primis&lectus=in&suspendisse=faucibus&potenti=orci&in=luctus&eleifend=et&quam=ultrices&a=posuere',
        true, 42614);
insert into torrent.resource (id, upload_time, leeches, seeders, info_sha256, url, is_legal, size_in_bytes)
values ('664fb721-7d28-445d-8578-1fcdb420a221', '2024-08-09T02:35:28Z', 53, 90,
        'f5ab669b99231e7969022112a198f4f048f12cfd318862618e0e68f0d9548373',
        'https://constantcontact.com/scelerisque.html?maecenas=varius&rhoncus=nulla&aliquam=facilisi&lacus=cras&morbi=non&quis=velit&tortor=nec&id=nisi&nulla=vulputate&ultrices=nonummy&aliquet=maecenas&maecenas=tincidunt&leo=lacus&odio=at&condimentum=velit&id=vivamus&luctus=vel&nec=nulla&molestie=eget&sed=eros&justo=elementum&pellentesque=pellentesque&viverra=quisque&pede=porta&ac=volutpat&diam=erat&cras=quisque&pellentesque=erat&volutpat=eros&dui=viverra&maecenas=eget&tristique=congue&est=eget&et=semper&tempus=rutrum&semper=nulla&est=nunc&quam=purus&pharetra=phasellus&magna=in&ac=felis&consequat=donec&metus=semper&sapien=sapien&ut=a&nunc=libero&vestibulum=nam&ante=dui&ipsum=proin&primis=leo&in=odio&faucibus=porttitor&orci=id&luctus=consequat&et=in&ultrices=consequat&posuere=ut&cubilia=nulla&curae=sed&mauris=accumsan&viverra=felis&diam=ut&vitae=at&quam=dolor&suspendisse=quis&potenti=odio&nullam=consequat&porttitor=varius&lacus=integer&at=ac&turpis=leo&donec=pellentesque&posuere=ultrices&metus=mattis&vitae=odio&ipsum=donec&aliquam=vitae&non=nisi&mauris=nam',
        false, 59716);
insert into torrent.resource (id, upload_time, leeches, seeders, info_sha256, url, is_legal, size_in_bytes)
values ('4ef11c56-6d5e-4549-ac12-68bf6d4e0e3c', '2024-03-06T20:22:00Z', 68, 78,
        'ab9d4f4b5c566427a2d740aa3d56e715983d3fc8585e9234b7cb4d42fd74090c',
        'https://slate.com/ligula/vehicula/consequat/morbi.json?sem=in&duis=libero&aliquam=ut&convallis=massa&nunc=volutpat&proin=convallis&at=morbi&turpis=odio&a=odio&pede=elementum&posuere=eu&nonummy=interdum&integer=eu&non=tincidunt&velit=in&donec=leo&diam=maecenas&neque=pulvinar&vestibulum=lobortis&eget=est&vulputate=phasellus&ut=sit&ultrices=amet&vel=erat&augue=nulla&vestibulum=tempus&ante=vivamus&ipsum=in&primis=felis&in=eu&faucibus=sapien&orci=cursus&luctus=vestibulum&et=proin&ultrices=eu&posuere=mi&cubilia=nulla&curae=ac&donec=enim&pharetra=in&magna=tempor&vestibulum=turpis&aliquet=nec&ultrices=euismod',
        false, 98680);
insert into torrent.resource (id, upload_time, leeches, seeders, info_sha256, url, is_legal, size_in_bytes)
values ('152e7e81-3c4b-440b-b507-e46da6c4ab0e', '2024-07-18T08:44:07Z', 100, 77,
        '217f9162208de2ce209d0808ad73b1ce78fe1f8bd8520b745f677abb60b65c77',
        'https://mail.ru/augue.xml?aliquam=vulputate&quis=vitae&turpis=nisl&eget=aenean&elit=lectus&sodales=pellentesque&scelerisque=eget&mauris=nunc&sit=donec&amet=quis&eros=orci&suspendisse=eget&accumsan=orci&tortor=vehicula&quis=condimentum&turpis=curabitur&sed=in&ante=libero&vivamus=ut&tortor=massa&duis=volutpat&mattis=convallis&egestas=morbi&metus=odio&aenean=odio&fermentum=elementum&donec=eu&ut=interdum&mauris=eu&eget=tincidunt&massa=in&tempor=leo&convallis=maecenas&nulla=pulvinar',
        false, 75605);
insert into torrent.resource (id, upload_time, leeches, seeders, info_sha256, url, is_legal, size_in_bytes)
values ('c69d5f1d-a59e-41ca-b74f-8e93b9ec41a2', '2024-04-18T16:40:17Z', 17, 25,
        '539815d42a58224f4b533ac2bd71afd76fd2f8cb4251c708b3448b8614e0f85f',
        'http://examiner.com/sed/nisl/nunc/rhoncus/dui/vel/sem.xml?ut=duis&massa=ac&quis=nibh&augue=fusce&luctus=lacus&tincidunt=purus&nulla=aliquet&mollis=at',
        true, 34804);
insert into torrent.resource (id, upload_time, leeches, seeders, info_sha256, url, is_legal, size_in_bytes)
values ('2064a42d-f721-4aef-b6f0-a2bab04d2c3c', '2024-09-25T02:25:21Z', 12, 2,
        '7e238c0e64a326b3b7d4c5e52a3ce47b32555d2a6108823c7f494cc7d33656ff',
        'http://facebook.com/ornare/imperdiet/sapien.jsp?nam=sed&nulla=lacus&integer=morbi&pede=sem&justo=mauris&lacinia=laoreet&eget=ut&tincidunt=rhoncus&eget=aliquet&tempus=pulvinar&vel=sed&pede=nisl&morbi=nunc&porttitor=rhoncus&lorem=dui&id=vel&ligula=sem&suspendisse=sed&ornare=sagittis&consequat=nam&lectus=congue&in=risus&est=semper&risus=porta&auctor=volutpat&sed=quam&tristique=pede&in=lobortis&tempus=ligula&sit=sit&amet=amet&sem=eleifend&fusce=pede&consequat=libero&nulla=quis&nisl=orci&nunc=nullam&nisl=molestie&duis=nibh&bibendum=in&felis=lectus&sed=pellentesque&interdum=at&venenatis=nulla&turpis=suspendisse&enim=potenti&blandit=cras&mi=in&in=purus&porttitor=eu&pede=magna&justo=vulputate&eu=luctus&massa=cum&donec=sociis&dapibus=natoque&duis=penatibus&at=et&velit=magnis&eu=dis&est=parturient&congue=montes&elementum=nascetur&in=ridiculus&hac=mus&habitasse=vivamus&platea=vestibulum&dictumst=sagittis&morbi=sapien&vestibulum=cum&velit=sociis',
        true, 28147);
insert into torrent.resource (id, upload_time, leeches, seeders, info_sha256, url, is_legal, size_in_bytes)
values ('60bbcf26-410d-4789-a7a6-6ac0a4dee73a', '2024-08-14T08:02:34Z', 45, 68,
        'aeb4317f3c9d26fd105b83b5c9a612d55736a8ab2261951ef0f02fa9c2ea3fea',
        'http://people.com.cn/sociis/natoque/penatibus/et/magnis/dis.jsp?habitasse=amet', false, 54992);
insert into torrent.resource (id, upload_time, leeches, seeders, info_sha256, url, is_legal, size_in_bytes)
values ('14f487d9-83d7-4ff7-887a-cde148b35cab', '2024-08-03T15:25:33Z', 4, 55,
        '1bfe1d3915ca3976c0d9ae493f6b3612d94db12971e18a873e1dae41199c634a',
        'http://angelfire.com/tincidunt/in.js?duis=varius&aliquam=ut&convallis=blandit&nunc=non&proin=interdum&at=in&turpis=ante&a=vestibulum&pede=ante&posuere=ipsum&nonummy=primis&integer=in&non=faucibus&velit=orci&donec=luctus&diam=et&neque=ultrices&vestibulum=posuere&eget=cubilia&vulputate=curae&ut=duis&ultrices=faucibus&vel=accumsan&augue=odio&vestibulum=curabitur&ante=convallis&ipsum=duis&primis=consequat&in=dui&faucibus=nec',
        false, 48214);
insert into torrent.resource (id, upload_time, leeches, seeders, info_sha256, url, is_legal, size_in_bytes)
values ('d27970ba-5356-4532-9cdf-ab2157ff671b', '2023-11-28T07:34:17Z', 82, 64,
        '2e9da54a38686ad9d69ad2fce34835df432827e70ff838b88ded6153a3e5c30a',
        'https://geocities.jp/dolor/sit/amet/consectetuer.js?et=porttitor&ultrices=lacus&posuere=at&cubilia=turpis&curae=donec&donec=posuere&pharetra=metus&magna=vitae&vestibulum=ipsum&aliquet=aliquam&ultrices=non&erat=mauris&tortor=morbi&sollicitudin=non&mi=lectus&sit=aliquam&amet=sit&lobortis=amet&sapien=diam&sapien=in&non=magna&mi=bibendum&integer=imperdiet&ac=nullam&neque=orci&duis=pede&bibendum=venenatis&morbi=non&non=sodales&quam=sed&nec=tincidunt&dui=eu&luctus=felis&rutrum=fusce&nulla=posuere&tellus=felis&in=sed&sagittis=lacus&dui=morbi&vel=sem&nisl=mauris&duis=laoreet&ac=ut&nibh=rhoncus&fusce=aliquet&lacus=pulvinar&purus=sed&aliquet=nisl&at=nunc&feugiat=rhoncus&non=dui&pretium=vel&quis=sem&lectus=sed&suspendisse=sagittis&potenti=nam&in=congue&eleifend=risus&quam=semper&a=porta&odio=volutpat&in=quam&hac=pede&habitasse=lobortis&platea=ligula&dictumst=sit&maecenas=amet&ut=eleifend&massa=pede&quis=libero&augue=quis&luctus=orci&tincidunt=nullam&nulla=molestie&mollis=nibh&molestie=in&lorem=lectus&quisque=pellentesque&ut=at',
        false, 91639);
insert into torrent.resource (id, upload_time, leeches, seeders, info_sha256, url, is_legal, size_in_bytes)
values ('7111b66b-452b-4ea3-94de-d4b9df8afc12', '2024-06-20T01:14:46Z', 44, 87,
        '79f7681f1b3a4fbb6477736b5be6e6ce5c35b9509374f7a86b578a262154bcff',
        'https://ow.ly/nisl/venenatis/lacinia.xml?at=nullam&ipsum=molestie&ac=nibh&tellus=in&semper=lectus&interdum=pellentesque&mauris=at&ullamcorper=nulla&purus=suspendisse&sit=potenti&amet=cras&nulla=in&quisque=purus&arcu=eu&libero=magna&rutrum=vulputate&ac=luctus&lobortis=cum&vel=sociis&dapibus=natoque&at=penatibus&diam=et&nam=magnis&tristique=dis&tortor=parturient&eu=montes',
        true, 4893);
insert into torrent.resource (id, upload_time, leeches, seeders, info_sha256, url, is_legal, size_in_bytes)
values ('dec1f80b-9bd4-4570-8f22-df2cf57c039e', '2024-03-25T21:30:07Z', 22, 26,
        '56aebf54dec6a405b9fe9758547259b636014b774a385195d2ec0c4a93566a62',
        'https://va.gov/odio/cras/mi.png?pede=etiam&justo=vel&eu=augue&massa=vestibulum&donec=rutrum&dapibus=rutrum&duis=neque&at=aenean&velit=auctor&eu=gravida&est=sem&congue=praesent&elementum=id&in=massa&hac=id&habitasse=nisl&platea=venenatis&dictumst=lacinia&morbi=aenean&vestibulum=sit&velit=amet&id=justo&pretium=morbi&iaculis=ut&diam=odio&erat=cras&fermentum=mi&justo=pede&nec=malesuada&condimentum=in&neque=imperdiet&sapien=et&placerat=commodo&ante=vulputate&nulla=justo&justo=in&aliquam=blandit&quis=ultrices&turpis=enim&eget=lorem&elit=ipsum&sodales=dolor&scelerisque=sit&mauris=amet&sit=consectetuer&amet=adipiscing&eros=elit&suspendisse=proin&accumsan=interdum',
        false, 67310);
insert into torrent.resource (id, upload_time, leeches, seeders, info_sha256, url, is_legal, size_in_bytes)
values ('810fa726-a209-42fd-b90f-34a850e6b77e', '2024-01-22T11:53:07Z', 75, 94,
        '69dfae7437345e37cdc342e54c6bf71e510aa55cdd27dd409e7fb47962c4747f',
        'https://auda.org.au/vestibulum/ante/ipsum/primis/in/faucibus.aspx?lobortis=in&ligula=faucibus&sit=orci&amet=luctus&eleifend=et&pede=ultrices&libero=posuere&quis=cubilia&orci=curae&nullam=nulla&molestie=dapibus&nibh=dolor&in=vel&lectus=est&pellentesque=donec&at=odio&nulla=justo&suspendisse=sollicitudin&potenti=ut&cras=suscipit&in=a&purus=feugiat&eu=et&magna=eros&vulputate=vestibulum&luctus=ac&cum=est&sociis=lacinia&natoque=nisi&penatibus=venenatis&et=tristique&magnis=fusce&dis=congue&parturient=diam&montes=id&nascetur=ornare&ridiculus=imperdiet&mus=sapien&vivamus=urna&vestibulum=pretium&sagittis=nisl&sapien=ut&cum=volutpat&sociis=sapien&natoque=arcu&penatibus=sed&et=augue&magnis=aliquam&dis=erat&parturient=volutpat&montes=in&nascetur=congue&ridiculus=etiam&mus=justo&etiam=etiam&vel=pretium&augue=iaculis&vestibulum=justo&rutrum=in&rutrum=hac&neque=habitasse&aenean=platea&auctor=dictumst&gravida=etiam',
        true, 12576);
insert into torrent.resource (id, upload_time, leeches, seeders, info_sha256, url, is_legal, size_in_bytes)
values ('48ad2dc0-ec6e-4a32-b418-6f750576e8a8', '2024-01-31T08:53:54Z', 65, 8,
        'de66419ee457f0ba5bed62234d4be0d14f8edcd8183feea0e0943d23094973d0',
        'http://purevolume.com/odio.aspx?posuere=sapien&cubilia=sapien&curae=non&mauris=mi&viverra=integer&diam=ac&vitae=neque&quam=duis&suspendisse=bibendum&potenti=morbi&nullam=non&porttitor=quam&lacus=nec&at=dui&turpis=luctus&donec=rutrum&posuere=nulla&metus=tellus&vitae=in&ipsum=sagittis&aliquam=dui&non=vel&mauris=nisl&morbi=duis&non=ac&lectus=nibh&aliquam=fusce&sit=lacus&amet=purus&diam=aliquet&in=at&magna=feugiat&bibendum=non&imperdiet=pretium&nullam=quis&orci=lectus&pede=suspendisse&venenatis=potenti&non=in&sodales=eleifend&sed=quam&tincidunt=a&eu=odio&felis=in&fusce=hac&posuere=habitasse&felis=platea&sed=dictumst&lacus=maecenas&morbi=ut&sem=massa&mauris=quis&laoreet=augue&ut=luctus&rhoncus=tincidunt&aliquet=nulla&pulvinar=mollis&sed=molestie&nisl=lorem&nunc=quisque&rhoncus=ut&dui=erat&vel=curabitur&sem=gravida&sed=nisi&sagittis=at&nam=nibh&congue=in&risus=hac&semper=habitasse&porta=platea&volutpat=dictumst&quam=aliquam&pede=augue&lobortis=quam&ligula=sollicitudin&sit=vitae&amet=consectetuer&eleifend=eget&pede=rutrum&libero=at&quis=lorem',
        false, 58315);
insert into torrent.resource (id, upload_time, leeches, seeders, info_sha256, url, is_legal, size_in_bytes)
values ('9d88c2b5-fadd-4242-ad5f-d7996683a487', '2024-07-03T12:47:38Z', 46, 38,
        '8e5563527125619a0c41c9deb4f3b9312728351d77e0cd1af9c73eab8dc170d8',
        'https://clickbank.net/lacinia/erat/vestibulum/sed/magna.aspx?habitasse=sollicitudin&platea=mi&dictumst=sit&maecenas=amet',
        false, 25269);

TRUNCATE torrent.uploader cascade;
insert into torrent.uploader (id, name, recently_active, first_logged_in, recently_used_ip, first_used_ip)
values ('5724b424-4956-4870-b54e-74d16c87c1be', 'gcavy0', '2024-10-12 11:18:03', '2022-05-20 04:52:32', '76.2.139.170',
        '132.146.156.227');
insert into torrent.uploader (id, name, recently_active, first_logged_in, recently_used_ip, first_used_ip)
values ('43329789-04f4-4826-90ad-bcc26b7159a3', 'mmchaffy1', '2024-08-08 14:40:45', '2022-05-27 03:57:46',
        '166.251.162.57', '168.166.8.116');
insert into torrent.uploader (id, name, recently_active, first_logged_in, recently_used_ip, first_used_ip)
values ('4d0df9d5-a773-43f5-8077-cb08bf62839a', 'gyuryev2', '2023-09-10 21:47:37', '2022-05-06 18:27:40',
        '57.42.195.185', '78.73.93.150');
insert into torrent.uploader (id, name, recently_active, first_logged_in, recently_used_ip, first_used_ip)
values ('af5bfaa0-02b9-4a48-b274-6c299c08aacf', 'edengel3', '2023-11-16 17:13:18', '2022-02-11 19:35:49',
        '213.143.32.106', '146.79.118.11');
insert into torrent.uploader (id, name, recently_active, first_logged_in, recently_used_ip, first_used_ip)
values ('a1a4a096-126c-43c9-bf03-7b21e9a946b9', 'mbelcher4', '2023-10-09 11:34:48', '2022-01-19 19:34:12',
        '171.252.27.150', '97.138.225.8');
insert into torrent.uploader (id, name, recently_active, first_logged_in, recently_used_ip, first_used_ip)
values ('13f2a810-c939-4f2f-84fc-b9ff2f55d869', 'bhutsby5', '2024-10-17 17:07:27', '2022-06-12 08:31:08',
        '50.196.206.22', '82.91.71.181');
insert into torrent.uploader (id, name, recently_active, first_logged_in, recently_used_ip, first_used_ip)
values ('a9f0715f-ef43-43d4-b581-f7e684d53ca6', 'rsjollema6', '2024-01-26 21:09:54', '2022-08-09 04:44:07',
        '125.255.7.59', '233.15.215.50');
insert into torrent.uploader (id, name, recently_active, first_logged_in, recently_used_ip, first_used_ip)
values ('129a86cf-4c77-41b8-b4cd-202a027293f6', 'hcatton7', '2023-06-02 14:57:14', '2022-03-31 15:10:44',
        '30.174.152.97', '108.157.228.77');
insert into torrent.uploader (id, name, recently_active, first_logged_in, recently_used_ip, first_used_ip)
values ('2eec273d-a233-4fb2-a2ac-78921c2b9f8a', 'ypage8', '2024-09-29 14:55:10', '2022-03-17 05:56:20', '69.113.88.237',
        '24.78.122.88');
insert into torrent.uploader (id, name, recently_active, first_logged_in, recently_used_ip, first_used_ip)
values ('c3684e50-5196-4894-a344-6330bc730a1c', 'lmadocjones9', '2023-02-10 05:18:31', '2022-07-22 01:38:24',
        '68.141.54.175', '152.131.221.83');
insert into torrent.uploader (id, name, recently_active, first_logged_in, recently_used_ip, first_used_ip)
values ('98a3f0f1-b360-42e3-96e4-de3dbe21116c', 'dclementsona', '2023-06-28 16:29:05', '2022-03-09 17:19:51',
        '39.149.14.71', '119.5.107.84');
insert into torrent.uploader (id, name, recently_active, first_logged_in, recently_used_ip, first_used_ip)
values ('9da03ce7-da6f-4baa-aebb-5a5f297edd92', 'vchidzoyb', '2024-03-01 15:50:19', '2022-01-18 07:02:12',
        '215.33.249.81', '132.226.215.52');
insert into torrent.uploader (id, name, recently_active, first_logged_in, recently_used_ip, first_used_ip)
values ('4afcb6e9-d55a-498e-aa0d-212bd81c772c', 'schasierc', '2024-09-14 18:24:24', '2022-04-02 16:49:36',
        '122.100.61.0', '90.226.125.215');
insert into torrent.uploader (id, name, recently_active, first_logged_in, recently_used_ip, first_used_ip)
values ('a24edb22-17bd-4ed5-aa4d-bab50c8e282f', 'egayned', '2024-02-19 23:56:19', '2022-05-12 09:04:57', '162.94.4.141',
        '28.240.117.45');
insert into torrent.uploader (id, name, recently_active, first_logged_in, recently_used_ip, first_used_ip)
values ('1d3ffe92-4b8a-441e-93de-b591662f6c55', 'zpallatinae', '2024-02-03 16:26:07', '2022-08-24 08:16:33',
        '142.215.60.135', '149.214.166.242');
insert into torrent.uploader (id, name, recently_active, first_logged_in, recently_used_ip, first_used_ip)
values ('d1e124a8-f952-41cb-9976-142750879da2', 'rhodgesf', '2023-03-08 03:56:54', '2022-06-18 14:31:34',
        '22.205.196.52', '97.102.161.73');
insert into torrent.uploader (id, name, recently_active, first_logged_in, recently_used_ip, first_used_ip)
values ('d2d5543e-314b-40cc-85f9-f0aa9c09f8c9', 'btearnyg', '2023-03-30 03:16:25', '2022-03-17 20:47:00',
        '12.194.223.57', '176.82.27.230');
insert into torrent.uploader (id, name, recently_active, first_logged_in, recently_used_ip, first_used_ip)
values ('75e8c225-2e80-4a08-8fc5-bdaa7e88464d', 'nbinesteadh', '2024-02-07 06:39:47', '2022-05-09 17:14:40',
        '18.193.112.44', '12.247.63.160');
insert into torrent.uploader (id, name, recently_active, first_logged_in, recently_used_ip, first_used_ip)
values ('d1fbb1f1-6cd0-44ad-b521-10e9bf5b8c97', 'ogiordanoi', '2024-09-03 08:35:11', '2022-06-03 22:00:06',
        '77.171.230.26', '36.241.191.23');
insert into torrent.uploader (id, name, recently_active, first_logged_in, recently_used_ip, first_used_ip)
values ('e021830b-050f-4871-b1d0-12f9be3912a9', 'ereichartzj', '2023-11-10 02:30:48', '2022-01-23 07:25:06',
        '90.37.146.233', '189.146.176.251');
insert into torrent.uploader (id, name, recently_active, first_logged_in, recently_used_ip, first_used_ip)
values ('b1bb46bf-afcb-4dd7-b365-0caee244f733', 'kkamienskik', '2024-08-09 17:38:37', '2022-01-25 21:54:48',
        '68.3.82.84', '160.42.0.42');
insert into torrent.uploader (id, name, recently_active, first_logged_in, recently_used_ip, first_used_ip)
values ('c8d69cb9-fc66-48d3-919a-c029a8d228c0', 'pmellodyl', '2024-06-25 10:57:02', '2022-02-21 05:31:00',
        '190.217.161.118', '90.206.36.187');
insert into torrent.uploader (id, name, recently_active, first_logged_in, recently_used_ip, first_used_ip)
values ('664c6d57-faa9-43c3-95cc-1e7c23715b97', 'dcicerom', '2024-04-16 10:32:59', '2022-02-03 14:06:50',
        '150.193.222.42', '99.217.105.146');
insert into torrent.uploader (id, name, recently_active, first_logged_in, recently_used_ip, first_used_ip)
values ('1bd4b85a-c677-49b0-99d2-8df21e1453c9', 'pketchern', '2024-06-19 08:04:58', '2022-09-05 16:34:13',
        '107.123.87.21', '45.74.229.92');
insert into torrent.uploader (id, name, recently_active, first_logged_in, recently_used_ip, first_used_ip)
values ('112fdaa6-0ae1-4aea-9c18-60315bcdcd5e', 'ptumasiano', '2024-09-07 15:29:11', '2022-06-21 20:02:19',
        '165.197.28.121', '228.245.198.72');
insert into torrent.uploader (id, name, recently_active, first_logged_in, recently_used_ip, first_used_ip)
values ('42a1e621-fc79-48d2-9977-d59a538fcde5', 'bgilderoyp', '2024-09-27 06:49:03', '2022-04-05 16:25:50',
        '130.146.164.42', '202.124.158.253');
insert into torrent.uploader (id, name, recently_active, first_logged_in, recently_used_ip, first_used_ip)
values ('2ba927ab-c5e4-401f-82c0-f566f6df8f8e', 'mcadoganq', '2024-08-21 22:15:43', '2022-06-18 18:44:55',
        '219.15.5.182', '236.167.236.241');
insert into torrent.uploader (id, name, recently_active, first_logged_in, recently_used_ip, first_used_ip)
values ('12fb141a-0cf3-4005-ad57-3ca25df6bfd4', 'pjeanequinr', '2024-05-17 12:06:03', '2022-05-27 22:47:26',
        '163.240.7.121', '117.109.153.195');
insert into torrent.uploader (id, name, recently_active, first_logged_in, recently_used_ip, first_used_ip)
values ('97f91c15-b90e-4570-ac5a-32a701d0765b', 'rmains', '2023-03-26 03:17:59', '2022-04-14 01:08:14', '46.166.61.21',
        '211.142.233.43');
insert into torrent.uploader (id, name, recently_active, first_logged_in, recently_used_ip, first_used_ip)
values ('f211d427-a604-4773-add5-06b1e21342bb', 'abonnert', '2024-10-10 11:16:06', '2022-06-19 18:36:58',
        '35.206.128.128', '185.145.58.71');
insert into torrent.uploader (id, name, recently_active, first_logged_in, recently_used_ip, first_used_ip)
values ('e96a7525-52f7-4dea-8d5c-dc9a60e8e167', 'achilcottu', '2024-05-04 04:49:33', '2022-06-30 13:40:47',
        '218.225.23.103', '69.57.81.169');
insert into torrent.uploader (id, name, recently_active, first_logged_in, recently_used_ip, first_used_ip)
values ('8ed51a79-e1c7-495a-8819-d6a8a77ab630', 'dgillittv', '2023-09-25 10:11:53', '2022-02-22 23:19:46',
        '93.106.129.43', '120.192.97.143');
insert into torrent.uploader (id, name, recently_active, first_logged_in, recently_used_ip, first_used_ip)
values ('4650a8bd-672a-4c6b-9938-b4b292b21e82', 'ncruikshankw', '2024-10-09 15:43:06', '2022-08-17 21:12:24',
        '209.214.83.35', '219.219.232.231');
insert into torrent.uploader (id, name, recently_active, first_logged_in, recently_used_ip, first_used_ip)
values ('75df44b2-6dd7-4eee-a92f-daa430145a11', 'slawleex', '2024-01-15 03:09:28', '2022-02-02 05:57:41',
        '201.81.39.159', '21.107.127.183');
insert into torrent.uploader (id, name, recently_active, first_logged_in, recently_used_ip, first_used_ip)
values ('2206ba91-9b2b-41be-b1cc-4e559c3156f6', 'bmatiebey', '2024-09-04 07:09:27', '2022-03-30 10:51:15',
        '166.252.58.26', '68.112.232.97');
insert into torrent.uploader (id, name, recently_active, first_logged_in, recently_used_ip, first_used_ip)
values ('cacc35b1-72e6-4fdd-bedd-2e9e81927ee1', 'vschoroderz', '2024-09-17 20:15:34', '2022-05-19 08:54:20',
        '64.245.155.159', '107.195.7.203');
insert into torrent.uploader (id, name, recently_active, first_logged_in, recently_used_ip, first_used_ip)
values ('9db614e3-d420-4c0c-a70d-6cdad5a9e7d9', 'amcilheran10', '2023-09-22 17:55:23', '2022-07-16 08:19:19',
        '22.113.82.44', '38.209.32.104');
insert into torrent.uploader (id, name, recently_active, first_logged_in, recently_used_ip, first_used_ip)
values ('b47501d7-614a-416a-bb06-cb0f886981f0', 'ksculpher11', '2024-02-23 20:40:00', '2022-04-12 09:45:04',
        '58.222.118.41', '207.208.128.8');
insert into torrent.uploader (id, name, recently_active, first_logged_in, recently_used_ip, first_used_ip)
values ('a38d4065-6877-4a6e-8422-d09b7ca3285d', 'amailey12', '2024-02-27 22:52:12', '2022-06-07 14:28:31',
        '169.106.70.57', '22.239.54.76');
insert into torrent.uploader (id, name, recently_active, first_logged_in, recently_used_ip, first_used_ip)
values ('ecddf7c0-4c18-4fdf-8a18-e8d2b12587e5', 'jgimson13', '2024-04-25 13:14:42', '2022-02-25 16:24:58',
        '11.54.250.35', '213.57.92.231');
insert into torrent.uploader (id, name, recently_active, first_logged_in, recently_used_ip, first_used_ip)
values ('15947aaf-c5d8-47db-a88b-92423d8fceed', 'rhollindale14', '2024-06-03 05:13:53', '2022-01-25 03:23:33',
        '23.140.2.24', '119.55.60.107');
insert into torrent.uploader (id, name, recently_active, first_logged_in, recently_used_ip, first_used_ip)
values ('eaa7c2dc-e862-4e78-9040-be988fc6a58f', 'jturtle15', '2024-10-23 05:09:43', '2022-08-25 03:43:38',
        '85.100.47.30', '213.152.80.57');
insert into torrent.uploader (id, name, recently_active, first_logged_in, recently_used_ip, first_used_ip)
values ('b9debc18-4ebd-4517-a1c8-046d4d787899', 'bparsonage16', '2023-05-22 01:19:21', '2022-03-16 14:58:20',
        '6.196.254.101', '205.169.212.103');
insert into torrent.uploader (id, name, recently_active, first_logged_in, recently_used_ip, first_used_ip)
values ('c307abf1-b57b-4934-a224-42e46f4e0686', 'psowray17', '2024-05-11 22:14:02', '2022-05-29 04:04:37',
        '35.54.153.233', '149.91.1.249');
insert into torrent.uploader (id, name, recently_active, first_logged_in, recently_used_ip, first_used_ip)
values ('f453a1d0-2037-499e-8ff6-f6d18a417e42', 'bdurtnall18', '2023-08-25 13:47:11', '2022-01-27 18:31:48',
        '158.42.7.159', '132.29.245.188');
insert into torrent.uploader (id, name, recently_active, first_logged_in, recently_used_ip, first_used_ip)
values ('829c062f-d408-4d4d-b2d7-3659f4a6578a', 'lnassy19', '2024-08-09 21:10:27', '2022-07-31 04:11:15',
        '74.180.248.4', '143.114.3.143');
insert into torrent.uploader (id, name, recently_active, first_logged_in, recently_used_ip, first_used_ip)
values ('a6350642-884a-47df-82d7-98194b28c170', 'btremblett1a', '2023-11-26 22:18:47', '2022-08-26 15:30:03',
        '47.184.71.64', '219.57.17.197');
insert into torrent.uploader (id, name, recently_active, first_logged_in, recently_used_ip, first_used_ip)
values ('0c1aae64-49a4-410d-aae7-8c6845b1fadc', 'sadamczyk1b', '2024-01-18 01:39:49', '2022-09-01 02:15:22',
        '65.168.211.127', '252.62.58.98');
insert into torrent.uploader (id, name, recently_active, first_logged_in, recently_used_ip, first_used_ip)
values ('75dec64d-1149-4bd4-b1b5-990078d119cd', 'etalkington1c', '2024-08-11 03:11:12', '2022-05-29 03:15:35',
        '116.20.37.79', '240.141.50.88');
insert into torrent.uploader (id, name, recently_active, first_logged_in, recently_used_ip, first_used_ip)
values ('9b6c3fff-22ab-4417-9aa2-50b5b5f74c9a', 'rjozaitis1d', '2024-09-02 11:38:24', '2022-03-01 18:57:07',
        '46.247.5.214', '147.210.84.149');
insert into torrent.uploader (id, name, recently_active, first_logged_in, recently_used_ip, first_used_ip)
values ('4fb57a62-c8bd-4888-93ba-1e9caff307f6', 'jtowey1e', '2024-06-10 03:13:22', '2022-07-02 05:04:45',
        '184.91.203.161', '245.38.215.108');
insert into torrent.uploader (id, name, recently_active, first_logged_in, recently_used_ip, first_used_ip)
values ('f828502b-20ac-4811-8dbc-887f555d85ee', 'dbellamy1f', '2024-02-11 06:50:38', '2022-04-23 13:52:37',
        '236.121.60.64', '86.177.158.67');
insert into torrent.uploader (id, name, recently_active, first_logged_in, recently_used_ip, first_used_ip)
values ('310a4dc2-3a54-4d3c-8580-9be94207aea1', 'afruin1g', '2024-01-03 08:29:17', '2022-05-06 11:14:07',
        '150.82.74.153', '155.222.64.10');
insert into torrent.uploader (id, name, recently_active, first_logged_in, recently_used_ip, first_used_ip)
values ('d96bb090-1f7c-4b18-9cc0-7d26ad847d8e', 'lcamp1h', '2023-08-19 08:50:05', '2022-07-22 05:28:15',
        '186.58.221.48', '225.70.127.141');
insert into torrent.uploader (id, name, recently_active, first_logged_in, recently_used_ip, first_used_ip)
values ('d28b1b71-6292-4b47-b597-fd617c7063e6', 'bfinkle1i', '2023-07-30 16:05:07', '2022-09-10 18:56:19',
        '111.11.0.130', '223.37.220.179');
insert into torrent.uploader (id, name, recently_active, first_logged_in, recently_used_ip, first_used_ip)
values ('b362c61d-ca08-4d35-b46b-e47a02a94338', 'nhansley1j', '2024-06-11 08:31:33', '2022-06-05 13:31:04',
        '73.176.227.82', '57.13.131.252');
insert into torrent.uploader (id, name, recently_active, first_logged_in, recently_used_ip, first_used_ip)
values ('78c38e0a-446a-42df-898c-8cc6ce4c3e0d', 'jeliff1k', '2024-02-12 14:27:00', '2022-08-15 13:02:13',
        '45.175.26.193', '106.6.42.32');
insert into torrent.uploader (id, name, recently_active, first_logged_in, recently_used_ip, first_used_ip)
values ('6ca3c632-0823-4163-ae52-b517be42bf03', 'gsacchetti1l', '2023-09-18 01:37:12', '2022-02-21 23:21:52',
        '238.129.158.184', '196.189.90.186');
insert into torrent.uploader (id, name, recently_active, first_logged_in, recently_used_ip, first_used_ip)
values ('9b9a96dc-898a-4b48-8c56-9566b96539bd', 'snyssens1m', '2023-04-11 16:11:36', '2022-03-13 11:28:51',
        '59.45.161.252', '148.213.84.198');
insert into torrent.uploader (id, name, recently_active, first_logged_in, recently_used_ip, first_used_ip)
values ('27a67f4b-5fba-4901-8575-efdab9524bf1', 'ctully1n', '2023-06-18 22:01:37', '2022-05-20 14:29:41',
        '196.29.23.153', '60.174.199.98');
insert into torrent.uploader (id, name, recently_active, first_logged_in, recently_used_ip, first_used_ip)
values ('3109e086-0d77-411a-9d78-e03a0b2f407a', 'jminard1o', '2024-10-16 09:17:18', '2022-08-25 03:33:02',
        '88.228.226.75', '145.133.6.144');
insert into torrent.uploader (id, name, recently_active, first_logged_in, recently_used_ip, first_used_ip)
values ('bc5b7ecf-53a5-4259-a367-cebf950d735d', 'amcclosh1p', '2024-09-29 09:24:29', '2022-03-06 12:05:29',
        '192.34.78.11', '159.139.158.215');
insert into torrent.uploader (id, name, recently_active, first_logged_in, recently_used_ip, first_used_ip)
values ('5cf95429-8b70-4dc7-b98b-42d981577d08', 'eackhurst1q', '2024-08-05 21:32:00', '2022-02-23 08:14:11',
        '169.136.18.153', '203.108.27.220');
insert into torrent.uploader (id, name, recently_active, first_logged_in, recently_used_ip, first_used_ip)
values ('6bbefd0e-1d47-4522-a030-0f0908067f9d', 'tbloodworth1r', '2024-09-06 14:40:27', '2022-06-19 11:38:40',
        '216.7.10.194', '186.185.45.145');
insert into torrent.uploader (id, name, recently_active, first_logged_in, recently_used_ip, first_used_ip)
values ('45c3daee-e335-4cc2-a603-398d4dc82616', 'cdogerty1s', '2023-09-12 23:16:45', '2022-02-19 05:14:16',
        '41.92.196.248', '81.208.149.134');
insert into torrent.uploader (id, name, recently_active, first_logged_in, recently_used_ip, first_used_ip)
values ('07c08cbe-05af-4d07-b948-6397497a7c00', 'nklees1t', '2024-07-09 21:50:00', '2022-02-06 00:34:26',
        '9.173.180.175', '232.177.21.77');
insert into torrent.uploader (id, name, recently_active, first_logged_in, recently_used_ip, first_used_ip)
values ('e12210c9-f564-4fdf-9a3d-172d23c07a90', 'tlumly1u', '2023-07-15 20:45:27', '2022-07-30 02:02:49',
        '195.140.221.200', '254.157.185.103');
insert into torrent.uploader (id, name, recently_active, first_logged_in, recently_used_ip, first_used_ip)
values ('d9caa29e-2ff2-4ebe-9cf0-58f32fca4db4', 'jboleyn1v', '2023-05-06 16:24:49', '2022-07-02 00:53:38',
        '238.119.174.199', '40.192.18.221');
insert into torrent.uploader (id, name, recently_active, first_logged_in, recently_used_ip, first_used_ip)
values ('463d812a-a5bb-484c-bcae-08eef54e8f89', 'mminghi1w', '2024-02-20 12:55:17', '2022-04-14 08:08:09',
        '76.215.167.211', '1.138.13.34');
insert into torrent.uploader (id, name, recently_active, first_logged_in, recently_used_ip, first_used_ip)
values ('cedc74ca-5ad5-49b5-b51a-a54c852738fe', 'hlathwood1x', '2024-04-30 20:37:29', '2022-09-12 19:53:15',
        '141.243.17.172', '190.0.252.226');
insert into torrent.uploader (id, name, recently_active, first_logged_in, recently_used_ip, first_used_ip)
values ('bf96c44a-90fa-445e-92ac-1ddaec6dee93', 'rrickerd1y', '2024-04-05 14:06:02', '2022-05-21 11:36:22',
        '16.203.240.110', '62.65.129.137');
insert into torrent.uploader (id, name, recently_active, first_logged_in, recently_used_ip, first_used_ip)
values ('f8f832c8-c1ff-4551-9910-e3b375bec6d7', 'fmayo1z', '2023-09-24 11:16:48', '2022-07-12 18:35:56',
        '159.182.150.101', '21.204.236.242');
insert into torrent.uploader (id, name, recently_active, first_logged_in, recently_used_ip, first_used_ip)
values ('c8e25b96-cb63-4e87-819c-9c07e86c0ca0', 'fmurthwaite20', '2024-04-16 12:51:41', '2022-07-04 07:56:19',
        '178.134.185.140', '6.34.12.163');
insert into torrent.uploader (id, name, recently_active, first_logged_in, recently_used_ip, first_used_ip)
values ('1873db59-1562-4577-924e-7a7572037b2d', 'mwilloughey21', '2023-08-17 16:21:50', '2022-08-08 23:59:56',
        '32.127.30.88', '5.106.28.207');
insert into torrent.uploader (id, name, recently_active, first_logged_in, recently_used_ip, first_used_ip)
values ('b747b195-e30f-4abb-a482-826fd60ad271', 'jinnett22', '2024-05-24 04:53:16', '2022-07-20 08:07:12',
        '54.226.208.175', '65.164.113.209');
insert into torrent.uploader (id, name, recently_active, first_logged_in, recently_used_ip, first_used_ip)
values ('977028b5-4105-4bea-b1e9-738c6ca1c753', 'ggipp23', '2024-04-15 15:07:17', '2022-02-27 06:54:23',
        '84.113.191.23', '11.84.191.28');
insert into torrent.uploader (id, name, recently_active, first_logged_in, recently_used_ip, first_used_ip)
values ('4dbfadad-b431-414c-8b68-8dd663109af1', 'dbrennan24', '2024-06-12 22:16:17', '2022-01-22 07:12:36', '87.27.4.5',
        '60.53.223.3');
insert into torrent.uploader (id, name, recently_active, first_logged_in, recently_used_ip, first_used_ip)
values ('c6b3e07c-f565-40db-9d50-d136ce9c1104', 'jgrogona25', '2024-10-20 17:42:54', '2022-04-30 19:06:41',
        '224.121.19.93', '92.231.232.120');
insert into torrent.uploader (id, name, recently_active, first_logged_in, recently_used_ip, first_used_ip)
values ('0ebbfda8-2b34-4701-b707-74932400204b', 'oshires26', '2023-04-07 18:21:38', '2022-08-17 15:00:28',
        '186.44.20.37', '148.125.194.17');
insert into torrent.uploader (id, name, recently_active, first_logged_in, recently_used_ip, first_used_ip)
values ('d02f9eb8-d1cb-4532-bdcc-0b83ca79ea78', 'mpounsett27', '2023-10-05 10:00:44', '2022-04-27 12:00:51',
        '25.24.251.28', '215.134.221.27');
insert into torrent.uploader (id, name, recently_active, first_logged_in, recently_used_ip, first_used_ip)
values ('1eaf54aa-2160-473a-b7d6-4e394364738a', 'llatter28', '2024-09-06 02:12:33', '2022-04-07 00:32:07',
        '234.238.75.195', '104.82.164.245');
insert into torrent.uploader (id, name, recently_active, first_logged_in, recently_used_ip, first_used_ip)
values ('c15deacc-b36c-4540-aac3-e4e91bd82119', 'tvasenin29', '2024-05-15 12:54:27', '2022-09-09 01:13:44',
        '57.61.237.97', '247.252.126.176');
insert into torrent.uploader (id, name, recently_active, first_logged_in, recently_used_ip, first_used_ip)
values ('52c52b56-e36c-4600-ab17-f30b8afe8506', 'rwrankmore2a', '2024-05-09 22:52:12', '2022-09-03 04:13:38',
        '201.186.215.81', '30.218.166.249');
insert into torrent.uploader (id, name, recently_active, first_logged_in, recently_used_ip, first_used_ip)
values ('8642ffed-4629-480c-a2e5-6d238ed3b2af', 'raldren2b', '2024-01-22 22:36:50', '2022-07-21 03:24:59',
        '8.130.205.124', '174.132.53.72');
insert into torrent.uploader (id, name, recently_active, first_logged_in, recently_used_ip, first_used_ip)
values ('1c073ee8-de42-48e9-8408-ec8b7ea6c61d', 'ebedborough2c', '2024-09-03 04:28:10', '2022-06-13 12:50:22',
        '190.36.228.134', '87.191.8.197');
insert into torrent.uploader (id, name, recently_active, first_logged_in, recently_used_ip, first_used_ip)
values ('db21ec12-a5da-4e21-9843-e87fc7f94d0a', 'bteaz2d', '2024-03-15 14:28:52', '2022-04-24 18:31:08',
        '225.176.80.111', '224.164.142.110');
insert into torrent.uploader (id, name, recently_active, first_logged_in, recently_used_ip, first_used_ip)
values ('83460de9-1991-4f3f-b14c-e52f8728b533', 'sblaschke2e', '2023-04-16 13:39:47', '2022-03-06 01:12:45',
        '96.111.205.212', '115.33.141.16');
insert into torrent.uploader (id, name, recently_active, first_logged_in, recently_used_ip, first_used_ip)
values ('37c66b8f-ac42-4e29-952a-96563381f6ed', 'fkarpenko2f', '2024-01-25 10:31:32', '2022-07-29 16:19:39',
        '219.187.92.203', '122.113.190.42');
insert into torrent.uploader (id, name, recently_active, first_logged_in, recently_used_ip, first_used_ip)
values ('179e9ddc-6bcf-4ccc-ab30-af7d5320759d', 'jangeli2g', '2024-07-07 16:44:08', '2022-08-27 05:44:46',
        '167.6.24.212', '176.238.156.35');
insert into torrent.uploader (id, name, recently_active, first_logged_in, recently_used_ip, first_used_ip)
values ('e83a90b9-e476-431b-a602-97d672c0c863', 'drandall2h', '2024-08-18 06:39:48', '2022-02-12 22:15:14',
        '241.48.131.236', '217.113.237.57');
insert into torrent.uploader (id, name, recently_active, first_logged_in, recently_used_ip, first_used_ip)
values ('ea0c0033-65c6-4ab5-970d-ef05973c6e82', 'thindenberger2i', '2023-03-29 03:50:30', '2022-01-23 00:56:57',
        '154.176.16.182', '156.254.148.138');
insert into torrent.uploader (id, name, recently_active, first_logged_in, recently_used_ip, first_used_ip)
values ('dbbe9fa7-f11a-448d-8b26-e3ef10a6e677', 'rduddle2j', '2023-04-13 16:48:05', '2022-07-11 00:02:55',
        '117.135.160.123', '78.62.127.240');
insert into torrent.uploader (id, name, recently_active, first_logged_in, recently_used_ip, first_used_ip)
values ('09d7afc6-3fda-49bc-b3ec-4fa5ccf9c98a', 'rtampion2k', '2023-05-24 08:54:29', '2022-02-22 05:05:12',
        '99.22.237.20', '95.118.190.167');
insert into torrent.uploader (id, name, recently_active, first_logged_in, recently_used_ip, first_used_ip)
values ('3a64a3e2-0e90-4d7f-a93d-8191377fe383', 'ecottom2l', '2024-07-04 21:50:41', '2022-06-24 06:24:49',
        '190.198.67.144', '120.34.114.125');
insert into torrent.uploader (id, name, recently_active, first_logged_in, recently_used_ip, first_used_ip)
values ('9baa1513-aba4-4996-8c58-54377a3aee01', 'mlipprose2m', '2024-06-03 09:23:14', '2022-02-12 03:36:12',
        '70.168.137.222', '31.165.194.98');
insert into torrent.uploader (id, name, recently_active, first_logged_in, recently_used_ip, first_used_ip)
values ('04c4960e-5a4f-48f4-98b9-443ecb257ac9', 'mspain2n', '2024-04-26 10:11:11', '2022-05-23 11:53:28',
        '229.204.57.217', '255.199.98.243');
insert into torrent.uploader (id, name, recently_active, first_logged_in, recently_used_ip, first_used_ip)
values ('1903b034-108a-431b-918f-9c1f9b82ab22', 'mrichen2o', '2023-04-20 16:47:06', '2022-01-22 06:28:21',
        '182.158.50.83', '157.231.92.43');
insert into torrent.uploader (id, name, recently_active, first_logged_in, recently_used_ip, first_used_ip)
values ('b087d7cd-35c9-4dab-b807-61b00255f89c', 'aparkins2p', '2024-02-07 14:59:59', '2022-05-08 18:37:03',
        '51.18.250.168', '175.242.160.25');
insert into torrent.uploader (id, name, recently_active, first_logged_in, recently_used_ip, first_used_ip)
values ('23834e87-f0ea-45bc-ac08-571224a5dc9d', 'rcutbush2q', '2023-07-09 17:45:48', '2022-02-16 10:40:43',
        '219.60.83.234', '60.100.1.85');
insert into torrent.uploader (id, name, recently_active, first_logged_in, recently_used_ip, first_used_ip)
values ('dc5a25c5-4408-4129-bcbe-67e2c0c3e5c5', 'kfollows2r', '2024-08-17 12:45:44', '2022-06-20 01:02:31',
        '159.187.31.255', '254.10.94.20');

TRUNCATE torrent.share cascade;
insert into torrent.share (resource_id, uploader_id, title, description, category)
values ('3b85e730-fa0d-4f46-ab5b-9aeeb85ea27d', '5724b424-4956-4870-b54e-74d16c87c1be', 'Silent Hill: Revelation 3D',
        'Family history of consanguinity', 'ebook');
insert into torrent.share (resource_id, uploader_id, title, description, category)
values ('5a441f82-f6b3-4412-96bc-6eac13bb4442', '43329789-04f4-4826-90ad-bcc26b7159a3', 'Leopard Man, The',
        'Milt op w explosn of sea-based artlry shell, milt, subs', 'music');
insert into torrent.share (resource_id, uploader_id, title, description, category)
values ('b5b468c3-d129-4715-b94a-1bc98368fe5a', '4d0df9d5-a773-43f5-8077-cb08bf62839a', 'Suzhou River (Suzhou he)',
        'Oth nondisp fx of base of first MC bone, left hand, sequela', 'music');
insert into torrent.share (resource_id, uploader_id, title, description, category)
values ('649539c3-6c06-42cd-b2cb-099f5fa3581b', 'af5bfaa0-02b9-4a48-b274-6c299c08aacf', 'Sons of Perdition',
        'Puncture wound without foreign body of penis, init encntr', 'game');
insert into torrent.share (resource_id, uploader_id, title, description, category)
values ('068cde22-250b-4310-8298-2f07a2f28e58', 'a1a4a096-126c-43c9-bf03-7b21e9a946b9', 'House of the Devil, The',
        'Poisn by androgens and anabolic congeners, assault, sequela', 'ebook');
insert into torrent.share (resource_id, uploader_id, title, description, category)
values ('8d9c11e6-678e-41f8-b4bb-5e61bf917c03', '13f2a810-c939-4f2f-84fc-b9ff2f55d869', 'In Harm''s Way',
        'Glaucoma secondary to eye inflammation, bilateral', 'ebook');
insert into torrent.share (resource_id, uploader_id, title, description, category)
values ('4c4cd997-bc95-411a-b536-0d80bbb32276', 'a9f0715f-ef43-43d4-b581-f7e684d53ca6',
        'My Night At Maud''s (Ma Nuit Chez Maud)', 'Laceration w/o fb of unsp external genital organs, male', 'film');
insert into torrent.share (resource_id, uploader_id, title, description, category)
values ('2731312a-5a85-48bd-88cc-613e00777a74', '129a86cf-4c77-41b8-b4cd-202a027293f6', 'Kid, The',
        'Unsp fracture of fourth metacarpal bone, right hand, sequela', 'film');
insert into torrent.share (resource_id, uploader_id, title, description, category)
values ('9f7e5bfc-afc8-469b-9e1d-36511ec47bf2', '2eec273d-a233-4fb2-a2ac-78921c2b9f8a', 'Cyrano de Bergerac',
        'Unsp focal TBI w LOC of 1-5 hrs 59 min, subs', 'game');
insert into torrent.share (resource_id, uploader_id, title, description, category)
values ('86a74d25-4761-478c-87b4-888b9cbc0707', 'c3684e50-5196-4894-a344-6330bc730a1c', 'The Woman on Pier 13',
        'Unspecified astigmatism, right eye', 'music');
insert into torrent.share (resource_id, uploader_id, title, description, category)
values ('72601402-45fd-4af9-a779-a5bf788c7427', '98a3f0f1-b360-42e3-96e4-de3dbe21116c',
        'Crime at the Chinese Restaurant', 'Chronic gout due to renal impairment, ankle and foot', 'music');
insert into torrent.share (resource_id, uploader_id, title, description, category)
values ('6aa55a1d-a703-4853-950b-331925635629', '9da03ce7-da6f-4baa-aebb-5a5f297edd92', 'Late Quartet, A', 'Stupor',
        'music');
insert into torrent.share (resource_id, uploader_id, title, description, category)
values ('fac7e88a-d9ca-474e-a165-a490faa20515', '4afcb6e9-d55a-498e-aa0d-212bd81c772c', 'Kronos',
        'Unsp fracture of T5-T6 vertebra, init for clos fx', 'ebook');
insert into torrent.share (resource_id, uploader_id, title, description, category)
values ('e7217078-b339-4d3e-b469-f161c73fc081', 'a24edb22-17bd-4ed5-aa4d-bab50c8e282f', 'Flight of the Living Dead',
        'Unspecified injury of unspecified tibial artery, right leg', 'music');
insert into torrent.share (resource_id, uploader_id, title, description, category)
values ('c7a5009c-2ae5-44c5-afb5-bf64c46fe26c', '1d3ffe92-4b8a-441e-93de-b591662f6c55',
        'Apartment, The (Appartement, L'')', 'Drown due to acc on board wtrcrft, w/o accident to wtrcrft', 'film');
insert into torrent.share (resource_id, uploader_id, title, description, category)
values ('258dc54d-1b37-4100-84ce-b73b82a9a5f8', 'd1e124a8-f952-41cb-9976-142750879da2', 'American Ninja 3: Blood Hunt',
        'Interstitial myositis, unspecified ankle and foot', 'film');
insert into torrent.share (resource_id, uploader_id, title, description, category)
values ('b87992d0-07e8-4722-a46c-0c485531769a', 'd2d5543e-314b-40cc-85f9-f0aa9c09f8c9',
        'Haunted World of El Superbeasto, The', 'Laceration w foreign body of left thumb with damage to nail',
        'audiobook');
insert into torrent.share (resource_id, uploader_id, title, description, category)
values ('de2adefd-7799-4a41-b0b5-443c11fa046e', '75e8c225-2e80-4a08-8fc5-bdaa7e88464d', 'Beautiful Country, The',
        'Displ seg fx shaft of l tibia, 7thN', 'ebook');
insert into torrent.share (resource_id, uploader_id, title, description, category)
values ('0ae94b84-f390-4195-82c9-44e558a76099', 'd1fbb1f1-6cd0-44ad-b521-10e9bf5b8c97',
        'Super Fuzz (a.k.a. Super Snooper) (Poliziotto superpi)',
        'Pathological fracture in other disease, left radius', 'game');
insert into torrent.share (resource_id, uploader_id, title, description, category)
values ('6b11809f-c22c-412a-87d1-ed23f3f7ba56', 'e021830b-050f-4871-b1d0-12f9be3912a9', 'Don Jon',
        'Unspecified adult maltreatment, confirmed, initial encounter', 'music');
insert into torrent.share (resource_id, uploader_id, title, description, category)
values ('9f527479-34d3-423c-875b-a20c88bab7f1', 'b1bb46bf-afcb-4dd7-b365-0caee244f733', 'Primal Fear',
        'Injury of other nerves at forearm level, right arm', 'film');
insert into torrent.share (resource_id, uploader_id, title, description, category)
values ('5a3dc10f-a2e3-4363-bcad-e65723178e98', 'c8d69cb9-fc66-48d3-919a-c029a8d228c0', 'Seduction of Joe Tynan, The',
        'Oth Rh incompat reaction due to tranfs of bld/bld prod, subs', 'music');
insert into torrent.share (resource_id, uploader_id, title, description, category)
values ('cc827187-e665-459e-bd53-38cab8be5843', '664c6d57-faa9-43c3-95cc-1e7c23715b97',
        'Red Squirrel, The (Ardilla roja, La)', 'Hodgkin lymphoma', 'game');
insert into torrent.share (resource_id, uploader_id, title, description, category)
values ('2b4c59a1-96b7-4eee-a47d-3d69d8cf8fd9', '1bd4b85a-c677-49b0-99d2-8df21e1453c9', 'Duo (Pas de deux)',
        'Poisoning by penicillins, undetermined, initial encounter', 'music');
insert into torrent.share (resource_id, uploader_id, title, description, category)
values ('f5c6f0f2-36ba-4217-8b47-07e79ccc357a', '112fdaa6-0ae1-4aea-9c18-60315bcdcd5e', 'Angel Named Billy, An',
        'Other specified injury of thoracic aorta', 'ebook');
insert into torrent.share (resource_id, uploader_id, title, description, category)
values ('22fb047a-a258-4976-9d59-26c0e5e3432a', '42a1e621-fc79-48d2-9977-d59a538fcde5', 'Look Who''s Talking Too',
        'Malignant neoplasm of fundus of stomach', 'ebook');
insert into torrent.share (resource_id, uploader_id, title, description, category)
values ('cb7b5a74-07c7-4102-8c1f-01578e5bd65e', '2ba927ab-c5e4-401f-82c0-f566f6df8f8e', 'White Oleander',
        'Other physeal fracture of left metatarsal, 7thB', 'film');
insert into torrent.share (resource_id, uploader_id, title, description, category)
values ('abed90de-e6e3-41bb-8fec-d87ae1f22c7b', '12fb141a-0cf3-4005-ad57-3ca25df6bfd4', 'I Am You (In Her Skin)',
        'Combined forms of infantile and juvenile cataract, left eye', 'audiobook');
insert into torrent.share (resource_id, uploader_id, title, description, category)
values ('16866ac4-7745-4e27-a72c-70c9031e58cb', '97f91c15-b90e-4570-ac5a-32a701d0765b', 'Midnight (Primeiro Dia, O)',
        'Encounter for contraceptive management, unspecified', 'ebook');
insert into torrent.share (resource_id, uploader_id, title, description, category)
values ('8831ded5-b91b-44f6-970b-f20d77c9d95b', 'f211d427-a604-4773-add5-06b1e21342bb',
        '180 South (180 Degrees South) (180 South: Conquerors of the Useless)',
        'Toxic effect of contact w oth venom animals, acc, sequela', 'music');
insert into torrent.share (resource_id, uploader_id, title, description, category)
values ('aec3cb1f-f48d-4f5b-8c04-f885bcacff4a', 'e96a7525-52f7-4dea-8d5c-dc9a60e8e167', 'Kill the Messenger',
        'Diab due to undrl cond w unsp diab rtnop w/o macular edema', 'game');
insert into torrent.share (resource_id, uploader_id, title, description, category)
values ('86736cd2-f038-4b25-b2ee-0ca150d2f4b4', '8ed51a79-e1c7-495a-8819-d6a8a77ab630', 'Victor Sjstrm: Ett portrtt',
        'Other specified strabismus', 'music');
insert into torrent.share (resource_id, uploader_id, title, description, category)
values ('19678a34-e91d-4103-b576-9474d67ea982', '4650a8bd-672a-4c6b-9938-b4b292b21e82',
        'Star Wars: Episode IV - A New Hope', 'Motion sickness', 'film');
insert into torrent.share (resource_id, uploader_id, title, description, category)
values ('69ae4d80-9136-460f-b1c5-abf34cdd1cb5', '75df44b2-6dd7-4eee-a92f-daa430145a11', 'Color Purple, The',
        'Displaced comminuted fx shaft of ulna, right arm, init', 'film');
insert into torrent.share (resource_id, uploader_id, title, description, category)
values ('316fde0d-1a48-48e5-adea-76d3e21525bb', '2206ba91-9b2b-41be-b1cc-4e559c3156f6', 'Lust, Caution (Se, jie)',
        'Driver of pk-up/van inj in clsn w rail trn/veh in traf, sqla', 'film');
insert into torrent.share (resource_id, uploader_id, title, description, category)
values ('28279bd7-815d-42c2-a7a6-d999f19f415d', 'cacc35b1-72e6-4fdd-bedd-2e9e81927ee1', 'Sweetgrass',
        'Oth private fix-wing aircraft crash injuring occupant, init', 'game');
insert into torrent.share (resource_id, uploader_id, title, description, category)
values ('58c1b148-513c-4319-b08a-385f12befe47', '9db614e3-d420-4c0c-a70d-6cdad5a9e7d9', 'Spin (You Are Here)',
        'Nondisp fx of greater trochanter of l femr, 7thD', 'ebook');
insert into torrent.share (resource_id, uploader_id, title, description, category)
values ('bee827f7-153f-4ea6-8560-c56c457a6dd8', 'b47501d7-614a-416a-bb06-cb0f886981f0', 'Blackadder''s Christmas Carol',
        'Contus/lac/hem brainstem w LOC of unsp duration', 'audiobook');
insert into torrent.share (resource_id, uploader_id, title, description, category)
values ('9d049c58-229d-4ec8-9cdb-162b0d9f9345', 'a38d4065-6877-4a6e-8422-d09b7ca3285d', 'Mansion of Madness, The',
        'Delayed or excess hemor fol ectopic and molar pregnancy', 'audiobook');
insert into torrent.share (resource_id, uploader_id, title, description, category)
values ('3fd3ebf8-5f0e-4f81-82ac-4093890c7db0', 'ecddf7c0-4c18-4fdf-8a18-e8d2b12587e5', 'Heavy',
        'Traum rupt of volar plate of l idx fngr at MCP/IP jt, init', 'film');
insert into torrent.share (resource_id, uploader_id, title, description, category)
values ('b4d53818-aefd-4c80-bf50-dae0a23bc41f', '15947aaf-c5d8-47db-a88b-92423d8fceed', 'Good Morning (Ohay)',
        'Poisoning by propionic acid derivatives, self-harm, subs', 'film');
insert into torrent.share (resource_id, uploader_id, title, description, category)
values ('51c760af-1888-4309-b28c-6c72ba43c5a7', 'eaa7c2dc-e862-4e78-9040-be988fc6a58f', 'Hitman, The',
        'Poisoning by oth anti-cmn-cold drugs, accidental, sequela', 'ebook');
insert into torrent.share (resource_id, uploader_id, title, description, category)
values ('d5c9cd40-e0d2-4d29-8cb0-c16ac6e0c4aa', 'b9debc18-4ebd-4517-a1c8-046d4d787899', 'Foolish',
        'Struck by falling object on unsp watercraft, subs encntr', 'ebook');
insert into torrent.share (resource_id, uploader_id, title, description, category)
values ('275a4db2-d27e-4a05-9537-424932af3e1c', 'c307abf1-b57b-4934-a224-42e46f4e0686', 'Royal Scandal, The',
        'Unspecified dislocation of unspecified radial head', 'ebook');
insert into torrent.share (resource_id, uploader_id, title, description, category)
values ('e7c10140-11fd-4181-b382-ff4101340373', 'f453a1d0-2037-499e-8ff6-f6d18a417e42', 'Desert Winds',
        'Unspecified nonsuppurative otitis media, right ear', 'film');
insert into torrent.share (resource_id, uploader_id, title, description, category)
values ('354ed58b-32c5-4aa8-b002-a771bf2a85cb', '829c062f-d408-4d4d-b2d7-3659f4a6578a',
        'Secret of the Grain, The (La graine et le mulet)', 'Pressure ulcer of unspecified part of back, stage 4',
        'music');
insert into torrent.share (resource_id, uploader_id, title, description, category)
values ('ce6f1627-5a01-4644-87fa-cac6dca8d158', 'a6350642-884a-47df-82d7-98194b28c170', 'Batman: Year One',
        'Male infertility', 'ebook');
insert into torrent.share (resource_id, uploader_id, title, description, category)
values ('7f3fdc55-357c-495f-8f21-ea117815d481', '0c1aae64-49a4-410d-aae7-8c6845b1fadc', 'Next Step, The',
        'Bursitis, right hand', 'game');
insert into torrent.share (resource_id, uploader_id, title, description, category)
values ('44e60dc6-4808-4933-aa49-d0eaf18138e9', '75dec64d-1149-4bd4-b1b5-990078d119cd', 'Road to Ruin, The',
        'Strain of intrinsic msl/tnd at ankle and foot level', 'ebook');
insert into torrent.share (resource_id, uploader_id, title, description, category)
values ('ce73ea30-a02d-47fd-8780-7ea398f64712', '9b6c3fff-22ab-4417-9aa2-50b5b5f74c9a',
        'Portraits of Women (Naisenkuvia)', 'Disp fx of less trochanter of l femr, 7thC', 'music');
insert into torrent.share (resource_id, uploader_id, title, description, category)
values ('4202c24a-f90d-43d5-aa2a-5d38327f5ee7', '4fb57a62-c8bd-4888-93ba-1e9caff307f6', 'Mirror Crack''d, The',
        'Nonrheumatic pulmonary valve stenosis with insufficiency', 'music');
insert into torrent.share (resource_id, uploader_id, title, description, category)
values ('8e028a64-e408-444d-a608-fa2d106fd195', 'f828502b-20ac-4811-8dbc-887f555d85ee', 'Hackers',
        'Crushing injury of unspecified knee, initial encounter', 'music');
insert into torrent.share (resource_id, uploader_id, title, description, category)
values ('1ebdf3ce-e494-4c3e-a790-c86bc08e4d67', '310a4dc2-3a54-4d3c-8580-9be94207aea1', 'October',
        'Third degree perineal laceration during delivery, IIIb', 'audiobook');
insert into torrent.share (resource_id, uploader_id, title, description, category)
values ('ac8225ee-d339-43ad-a225-5e62372ef759', 'd96bb090-1f7c-4b18-9cc0-7d26ad847d8e',
        'Private Fears in Public Places (Coeurs)', 'Legal intervnt w manhandling, law enforc offl injured', 'music');
insert into torrent.share (resource_id, uploader_id, title, description, category)
values ('43619229-320c-46b5-bbac-a4f471d08dfc', 'd28b1b71-6292-4b47-b597-fd617c7063e6', 'Smokers Only (Vagn Fumador)',
        'War op involving oth explosn and fragmt, civilian, sequela', 'audiobook');
insert into torrent.share (resource_id, uploader_id, title, description, category)
values ('cd66b88c-50c7-4ca8-b276-9532b0ebbca2', 'b362c61d-ca08-4d35-b46b-e47a02a94338', 'Lola Monts',
        'Abrasion of right front wall of thorax, subsequent encounter', 'music');
insert into torrent.share (resource_id, uploader_id, title, description, category)
values ('b8018acc-9aef-4b73-9a4e-e01d84d9f318', '78c38e0a-446a-42df-898c-8cc6ce4c3e0d', 'Einstein and Eddington',
        'Fatigue fracture of vertebra, cervical region, init for fx', 'game');
insert into torrent.share (resource_id, uploader_id, title, description, category)
values ('d1e5f0c9-6cab-43de-ba2c-bb7d59270c31', '6ca3c632-0823-4163-ae52-b517be42bf03', 'Beverly Hills Chihuahua 2',
        'Infect/inflm reaction due to int fix of right humerus', 'film');
insert into torrent.share (resource_id, uploader_id, title, description, category)
values ('d9071722-e23b-43c2-aa3e-1c8b94bf7366', '9b9a96dc-898a-4b48-8c56-9566b96539bd', 'Road, The',
        'Adverse effect of hormones and synthetic substitutes, subs', 'audiobook');
insert into torrent.share (resource_id, uploader_id, title, description, category)
values ('3690ea3a-a63d-41c8-807f-f223159c9f1f', '27a67f4b-5fba-4901-8575-efdab9524bf1',
        'Star Wars: Episode VI - Return of the Jedi', 'Glaucoma secondary to eye inflam, unsp eye, severe stage',
        'music');
insert into torrent.share (resource_id, uploader_id, title, description, category)
values ('6fdc1e11-0f32-4d07-98ba-93573b3f524c', '3109e086-0d77-411a-9d78-e03a0b2f407a', 'Bedazzled',
        'Infect/inflm reaction due to oth internal prosth dev/grft', 'film');
insert into torrent.share (resource_id, uploader_id, title, description, category)
values ('43660367-7831-44f9-903e-4761f20b1a7b', 'bc5b7ecf-53a5-4259-a367-cebf950d735d', 'Polisse',
        'Displacement of implanted testicular prosthesis, subs', 'music');
insert into torrent.share (resource_id, uploader_id, title, description, category)
values ('71b8026a-3596-4d44-bc8e-7f9bdf6e4942', '5cf95429-8b70-4dc7-b98b-42d981577d08', 'Ratatouille',
        'Other GM2 gangliosidosis', 'ebook');
insert into torrent.share (resource_id, uploader_id, title, description, category)
values ('9ff3816d-03e2-49cd-98e0-e558f15df6d6', '6bbefd0e-1d47-4522-a030-0f0908067f9d', 'Solaris (Solyaris)',
        'Burn unsp deg mult sites of left lower limb, ex ank/ft, init', 'game');
insert into torrent.share (resource_id, uploader_id, title, description, category)
values ('d21abf58-b53c-4f6b-a0e7-96183b854457', '45c3daee-e335-4cc2-a603-398d4dc82616', 'Advanced Style',
        'Salter-Harris Type IV physeal fracture of r calcaneus, 7thB', 'game');
insert into torrent.share (resource_id, uploader_id, title, description, category)
values ('47a15f21-a98f-494d-9ee4-014f46e06893', '07c08cbe-05af-4d07-b948-6397497a7c00', 'Wanted',
        'Underdosing of other synthetic narcotics', 'film');
insert into torrent.share (resource_id, uploader_id, title, description, category)
values ('e2d28848-9849-4e1d-ba0a-097d7d604859', 'e12210c9-f564-4fdf-9a3d-172d23c07a90', 'Trick',
        'Oth tear of lat mensc, current injury, unsp knee, init', 'music');
insert into torrent.share (resource_id, uploader_id, title, description, category)
values ('b630349e-cc0e-47d8-a114-833fc730ffb1', 'd9caa29e-2ff2-4ebe-9cf0-58f32fca4db4',
        'Man with the Movie Camera, The (Chelovek s kino-apparatom)', 'Leakage of other vascular grafts', 'audiobook');
insert into torrent.share (resource_id, uploader_id, title, description, category)
values ('075281ab-a70f-4b3f-8869-05bca711fa67', '463d812a-a5bb-484c-bcae-08eef54e8f89', 'Almost Married',
        'Other injury due to other accident to water-skis, sequela', 'music');
insert into torrent.share (resource_id, uploader_id, title, description, category)
values ('a112fd46-a09e-4523-8baf-0bf93e9174c2', 'cedc74ca-5ad5-49b5-b51a-a54c852738fe', 'Cows (Vacas)',
        'Calcific tendinitis, upper arm', 'ebook');
insert into torrent.share (resource_id, uploader_id, title, description, category)
values ('b0313dd5-9ba5-4cca-84d9-85a4ad0158c6', 'bf96c44a-90fa-445e-92ac-1ddaec6dee93', 'Two Escobars, The',
        'Cont preg aft spon abort of one fts or more, third tri, fts5', 'ebook');
insert into torrent.share (resource_id, uploader_id, title, description, category)
values ('3519f342-fe6b-405d-a513-86b37c884450', 'f8f832c8-c1ff-4551-9910-e3b375bec6d7', 'Lookout, The',
        'Military operations involving friendly fire, subs encntr', 'game');
insert into torrent.share (resource_id, uploader_id, title, description, category)
values ('1989b0bc-4378-4a6e-8535-e81173133f93', 'c8e25b96-cb63-4e87-819c-9c07e86c0ca0', 'My Dear Secretary',
        'Nondisp commnt fx shaft of r femr, 7thP', 'game');
insert into torrent.share (resource_id, uploader_id, title, description, category)
values ('76eccf00-d73b-4197-a457-727781dcee4f', '1873db59-1562-4577-924e-7a7572037b2d', 'Lust for Life',
        'Insect bite (nonvenomous), unspecified knee, subs encntr', 'music');
insert into torrent.share (resource_id, uploader_id, title, description, category)
values ('57f85f07-3b26-4caf-9ed1-2092cb1fbd34', 'b747b195-e30f-4abb-a482-826fd60ad271',
        'Belphecor: Curse of the Mummy (Belphgor - Le fantme du Louvre)',
        'Disp fx of neck of second metacarpal bone, left hand', 'audiobook');
insert into torrent.share (resource_id, uploader_id, title, description, category)
values ('79979547-c11c-4ca7-9da7-002458c9684b', '977028b5-4105-4bea-b1e9-738c6ca1c753', 'Orphans',
        'Pnctr w/o fb of low back and pelv w penet retroperiton, subs', 'audiobook');
insert into torrent.share (resource_id, uploader_id, title, description, category)
values ('5351c391-372f-46a4-83ce-85aaea7742b7', '4dbfadad-b431-414c-8b68-8dd663109af1', 'Carbon Nation',
        'Conjunctival granuloma, unspecified', 'film');
insert into torrent.share (resource_id, uploader_id, title, description, category)
values ('4c79c51d-e1a6-4e33-989b-91922db093ec', 'c6b3e07c-f565-40db-9d50-d136ce9c1104', 'Tall Man, The',
        'Major contusion of right kidney, sequela', 'audiobook');
insert into torrent.share (resource_id, uploader_id, title, description, category)
values ('e37aeab6-1be7-4fc8-94c1-684e258e660e', '0ebbfda8-2b34-4701-b707-74932400204b', 'The Day That Lasted 21 Years',
        'Laceration of muscle, fascia and tendon of unsp hip, sequela', 'audiobook');
insert into torrent.share (resource_id, uploader_id, title, description, category)
values ('36c1a79a-a65e-4474-8ffa-8f8e0355b99d', 'd02f9eb8-d1cb-4532-bdcc-0b83ca79ea78',
        'Terrorizers, The (Kong bu fen zi)', 'Burn of unsp degree of unspecified lower leg, subs encntr', 'ebook');
insert into torrent.share (resource_id, uploader_id, title, description, category)
values ('388853e4-b20d-4200-9ced-f26e7fe20f32', '1eaf54aa-2160-473a-b7d6-4e394364738a',
        'Reclaim Your Brain (Free Rainer)', 'Other chronic osteomyelitis, right  humerus', 'ebook');
insert into torrent.share (resource_id, uploader_id, title, description, category)
values ('ad2f05a2-99df-499b-9b37-77fd9c74a1e3', 'c15deacc-b36c-4540-aac3-e4e91bd82119',
        'That Obscure Object of Desire (Cet obscur objet du dsir)', 'Other dental procedure status', 'audiobook');
insert into torrent.share (resource_id, uploader_id, title, description, category)
values ('05cf44ed-c3fb-412f-8d9a-06528f1c6b90', '52c52b56-e36c-4600-ab17-f30b8afe8506', 'My Brother Tom',
        'Laceration without foreign body of left hand, subs encntr', 'ebook');
insert into torrent.share (resource_id, uploader_id, title, description, category)
values ('209f41e4-52eb-4829-94d2-c158e91cba6b', '8642ffed-4629-480c-a2e5-6d238ed3b2af', 'Passion of the Christ, The',
        'Superficial foreign body, unspecified thigh, sequela', 'audiobook');
insert into torrent.share (resource_id, uploader_id, title, description, category)
values ('f786fddd-690f-498d-bee8-f9f6cc63be35', '1c073ee8-de42-48e9-8408-ec8b7ea6c61d',
        'Children of the Corn IV: The Gathering', 'Disp fx of nk of 4th MC bone, r hand, subs for fx w malunion',
        'music');
insert into torrent.share (resource_id, uploader_id, title, description, category)
values ('105ba1d4-6a52-4472-a3d9-d7f8787dcc20', 'db21ec12-a5da-4e21-9843-e87fc7f94d0a',
        'Greystoke: The Legend of Tarzan, Lord of the Apes',
        'Lymphocy deplet Hdgkn lymph, nodes of axilla and upper limb', 'music');
insert into torrent.share (resource_id, uploader_id, title, description, category)
values ('2ccc2b6e-e152-4eb5-b58f-8b632aaca1dd', '83460de9-1991-4f3f-b14c-e52f8728b533',
        'Rabbit Without Ears (Keinohrhasen)', 'Injury of facial nerve, left side, sequela', 'film');
insert into torrent.share (resource_id, uploader_id, title, description, category)
values ('664fb721-7d28-445d-8578-1fcdb420a221', '37c66b8f-ac42-4e29-952a-96563381f6ed', 'Tukkijoella',
        'Oth enterovirus as the cause of diseases classd elswhr', 'music');
insert into torrent.share (resource_id, uploader_id, title, description, category)
values ('4ef11c56-6d5e-4549-ac12-68bf6d4e0e3c', '179e9ddc-6bcf-4ccc-ab30-af7d5320759d', 'Wait Until Dark',
        'Unspecified open wound of wrist', 'music');
insert into torrent.share (resource_id, uploader_id, title, description, category)
values ('152e7e81-3c4b-440b-b507-e46da6c4ab0e', 'e83a90b9-e476-431b-a602-97d672c0c863', 'Bang Bang',
        'Unsp inj less saphenous at lower leg level, left leg, init', 'film');
insert into torrent.share (resource_id, uploader_id, title, description, category)
values ('c69d5f1d-a59e-41ca-b74f-8e93b9ec41a2', 'ea0c0033-65c6-4ab5-970d-ef05973c6e82', 'Body and Soul',
        'Unilateral primary osteoarthritis, right hip', 'film');
insert into torrent.share (resource_id, uploader_id, title, description, category)
values ('2064a42d-f721-4aef-b6f0-a2bab04d2c3c', 'dbbe9fa7-f11a-448d-8b26-e3ef10a6e677', 'One 2 Ka 4',
        'Other reactive arthropathies, unspecified hand', 'audiobook');
insert into torrent.share (resource_id, uploader_id, title, description, category)
values ('60bbcf26-410d-4789-a7a6-6ac0a4dee73a', '09d7afc6-3fda-49bc-b3ec-4fa5ccf9c98a', 'Noah',
        'Contact with knife, undetermined intent', 'film');
insert into torrent.share (resource_id, uploader_id, title, description, category)
values ('14f487d9-83d7-4ff7-887a-cde148b35cab', '3a64a3e2-0e90-4d7f-a93d-8191377fe383', 'Black Snake Moan',
        'Displacement of int fix of bone of right forearm, subs', 'film');
insert into torrent.share (resource_id, uploader_id, title, description, category)
values ('d27970ba-5356-4532-9cdf-ab2157ff671b', '9baa1513-aba4-4996-8c58-54377a3aee01', 'Cosmic Journey',
        'Listerial endocarditis', 'audiobook');
insert into torrent.share (resource_id, uploader_id, title, description, category)
values ('7111b66b-452b-4ea3-94de-d4b9df8afc12', '04c4960e-5a4f-48f4-98b9-443ecb257ac9', 'Snow Beast ',
        'Chorioamnionitis, first trimester, other fetus', 'music');
insert into torrent.share (resource_id, uploader_id, title, description, category)
values ('dec1f80b-9bd4-4570-8f22-df2cf57c039e', '1903b034-108a-431b-918f-9c1f9b82ab22', 'Scarlet Street',
        'Lacerat unsp musc/fasc/tend at thigh level, right thigh', 'audiobook');
insert into torrent.share (resource_id, uploader_id, title, description, category)
values ('810fa726-a209-42fd-b90f-34a850e6b77e', 'b087d7cd-35c9-4dab-b807-61b00255f89c', 'Southern Comfort',
        'Occupant (driver) of 3-whl mv injured in oth trnsp acc, init', 'film');
insert into torrent.share (resource_id, uploader_id, title, description, category)
values ('48ad2dc0-ec6e-4a32-b418-6f750576e8a8', '23834e87-f0ea-45bc-ac08-571224a5dc9d', 'Murder, He Says',
        'Posterior corneal pigmentations, right eye', 'game');
insert into torrent.share (resource_id, uploader_id, title, description, category)
values ('9d88c2b5-fadd-4242-ad5f-d7996683a487', 'dc5a25c5-4408-4129-bcbe-67e2c0c3e5c5', 'Tully',
        'Oth injury of musc/fasc/tend at thigh level, unsp thigh', 'audiobook');

TRUNCATE torrent.film_archetype cascade;
insert into torrent.film_archetype (id, title, format, language_code, resolution, release_year, length_in_minutes)
values ('aa10bb10-362e-4f0b-a7e5-750a7357ad87', 'Saint of Fort Washington, The', '.mp4', 'ge', '', 2011, 168);
insert into torrent.film_archetype (id, title, format, language_code, resolution, release_year, length_in_minutes)
values ('04734a79-d1f5-44ce-9bd2-437b8695bfa3', 'Damned, The (Les Maudits)', '.dvd', 'ir', '', 1996, 64);
insert into torrent.film_archetype (id, title, format, language_code, resolution, release_year, length_in_minutes)
values ('ee61266a-4b64-429b-802c-bedf811dc256', 'Ten Seconds to Hell', '.iso', 'en', '', 2002, 9);
insert into torrent.film_archetype (id, title, format, language_code, resolution, release_year, length_in_minutes)
values ('29fcc732-f021-496c-8195-44ff12d3a031', 'Bleeding House, The', '.iso', 'ir', '', 2012, 49);
insert into torrent.film_archetype (id, title, format, language_code, resolution, release_year, length_in_minutes)
values ('82bdb1d4-0bd8-459b-96db-1742b0b824a5', 'Shriek If You Know What I Did Last Friday the Thirteenth', '.iso',
        'ir', '2k', 1999, 16);
insert into torrent.film_archetype (id, title, format, language_code, resolution, release_year, length_in_minutes)
values ('dcc8bda1-0be4-4457-88bb-d3a276c74cd9', 'Humanoids from the Deep', '.dvd', 'en', '', 2001, 144);
insert into torrent.film_archetype (id, title, format, language_code, resolution, release_year, length_in_minutes)
values ('32da9c5e-a63c-434e-aa7c-6126b718e0bf', 'Penalty, The', '.flac', 'en', '4k', 2003, 30);
insert into torrent.film_archetype (id, title, format, language_code, resolution, release_year, length_in_minutes)
values ('37c67b50-9a36-4da1-bc7d-2f77fe135a8d', 'Vesku from Finland (Vesku)', '.flac', 'ir', '1920x1080', 2012, 163);
insert into torrent.film_archetype (id, title, format, language_code, resolution, release_year, length_in_minutes)
values ('19eb6c67-dfef-47b3-862e-7f516ae95609', 'Freakonomics', '.dvd', 'fr', '1920x1080', 2004, 37);
insert into torrent.film_archetype (id, title, format, language_code, resolution, release_year, length_in_minutes)
values ('1bb600e4-eb08-451e-9838-865e672ee932', 'Louise Bourgeois: The Spider, the Mistress and the Tangerine', '.flac',
        'pl', '4k', 1986, 6);
insert into torrent.film_archetype (id, title, format, language_code, resolution, release_year, length_in_minutes)
values ('b352272c-8748-41a9-a985-23b50e6de05d', 'Leatherheads', '.dvd', 'ge', '4k', 2005, 179);
insert into torrent.film_archetype (id, title, format, language_code, resolution, release_year, length_in_minutes)
values ('76fd5b66-4ad8-44fa-b57b-230324461f7a', 'Life Is Hot in Cracktown', '.iso', 'en', '4k', 2007, 90);
insert into torrent.film_archetype (id, title, format, language_code, resolution, release_year, length_in_minutes)
values ('a05af301-e588-488e-8c6f-d4771589dbac', 'Coward, The (Kapurush)', '.mp4', 'en', '', 2005, 74);
insert into torrent.film_archetype (id, title, format, language_code, resolution, release_year, length_in_minutes)
values ('aa97cbd1-cf07-4b25-a9a7-bf41ecd0b026', 'Desk Set', '.iso', 'ir', '2k', 2009, 48);
insert into torrent.film_archetype (id, title, format, language_code, resolution, release_year, length_in_minutes)
values ('303ba078-a31e-4fb3-abcc-75a84cd807a2', 'In the Army Now', '.iso', 'fr', '2k', 1986, 128);
insert into torrent.film_archetype (id, title, format, language_code, resolution, release_year, length_in_minutes)
values ('907a6375-5189-4576-956e-2220e121bb6b', 'Rebirth', '.mp4', 'pl', '2k', 2005, 118);
insert into torrent.film_archetype (id, title, format, language_code, resolution, release_year, length_in_minutes)
values ('c183a38e-a455-47df-8b7c-0a0e26b4849d',
        'Asterix & Obelix: Mission Cleopatra (Astrix & Oblix: Mission Cloptre)', '.mp4', 'ir', '1920x1080', 2003,
        171);
insert into torrent.film_archetype (id, title, format, language_code, resolution, release_year, length_in_minutes)
values ('f49772f5-d271-48c2-aad5-d45f07257ab0', 'Starcrash (a.k.a. Star Crash)', '.flac', 'ge', '1920x1080', 2013, 86);
insert into torrent.film_archetype (id, title, format, language_code, resolution, release_year, length_in_minutes)
values ('b2bbd031-8eb3-4c8d-ae93-e7e2f8f2a1f1', 'Savages', '.iso', 'fr', '2k', 1998, 40);
insert into torrent.film_archetype (id, title, format, language_code, resolution, release_year, length_in_minutes)
values ('8df37283-e4ce-4e55-9a6f-41a2e83c9e71', 'Omen, The', '.iso', 'fr', '1920x1080', 1993, 88);
insert into torrent.film_archetype (id, title, format, language_code, resolution, release_year, length_in_minutes)
values ('4dc45637-cc5a-4a81-970c-a9aabcff47b4', 'My Prairie Home', '.mp4', 'en', '1920x1080', 2010, 56);
insert into torrent.film_archetype (id, title, format, language_code, resolution, release_year, length_in_minutes)
values ('6a5c9164-742f-40d8-bdfd-ef6527d4d9f1', 'Melody Time', '.mp4', 'pl', '', 1999, 170);
insert into torrent.film_archetype (id, title, format, language_code, resolution, release_year, length_in_minutes)
values ('35a1dc7e-3bbf-47dd-9414-20e288a97617', 'Nighthawks', '.flac', 'ir', '2k', 1993, 113);
insert into torrent.film_archetype (id, title, format, language_code, resolution, release_year, length_in_minutes)
values ('949eb50b-a151-46f3-9ed1-cabbe9edd4d9', 'Nada Gang, The (Nada)', '.flac', 'pl', '4k', 2008, 24);
insert into torrent.film_archetype (id, title, format, language_code, resolution, release_year, length_in_minutes)
values ('0517d150-75f6-4cf6-98de-5b2a43f1b879', 'Brothers Lionheart, The (Brderna Lejonhjrta)', '.mp4', 'ir', '4k',
        1996, 151);
insert into torrent.film_archetype (id, title, format, language_code, resolution, release_year, length_in_minutes)
values ('95808637-c169-4383-8eaa-072332ab907f', 'Devil Wears Prada, The', '.iso', 'pl', '2k', 1994, 125);
insert into torrent.film_archetype (id, title, format, language_code, resolution, release_year, length_in_minutes)
values ('e8e53402-4004-445c-b4bb-9303dbe47d4b', 'Descent: Part 2, The', '.flac', 'pl', '2k', 1989, 86);
insert into torrent.film_archetype (id, title, format, language_code, resolution, release_year, length_in_minutes)
values ('ecd7d9ac-b5b9-4bf5-a32c-3f37aa276533', 'Dracula Has Risen from the Grave', '.iso', 'en', '1920x1080', 2008, 5);
insert into torrent.film_archetype (id, title, format, language_code, resolution, release_year, length_in_minutes)
values ('a20955d8-4229-45d7-bac9-f0b276023c78', 'Cohen and Tate', '.iso', 'ir', '', 1997, 42);
insert into torrent.film_archetype (id, title, format, language_code, resolution, release_year, length_in_minutes)
values ('c0b3c048-219c-42b4-8670-bb7470b77283',
        'Buffalo Bill and the Indians, or Sitting Bull''s History Lesson (a.k.a. Buffalo Bill and the Indians)',
        '.flac', 'ge', '4k', 2000, 46);
insert into torrent.film_archetype (id, title, format, language_code, resolution, release_year, length_in_minutes)
values ('bebb7812-9f4a-4508-8f24-ff7579506471', 'Pajeczarki', '.mp4', 'fr', '2k', 1995, 177);
insert into torrent.film_archetype (id, title, format, language_code, resolution, release_year, length_in_minutes)
values ('1a1d9e05-7160-40a9-9865-29588abde9a9', 'P2', '.flac', 'pl', '1920x1080', 2011, 32);
insert into torrent.film_archetype (id, title, format, language_code, resolution, release_year, length_in_minutes)
values ('fab36e3a-b71a-4ed1-b815-58bbe31d50c2', 'Education of Mohammad Hussein, The', '.flac', 'ge', '', 1997, 13);
insert into torrent.film_archetype (id, title, format, language_code, resolution, release_year, length_in_minutes)
values ('0e484fec-9585-4ef8-b9c2-1c10e1018835', 'Sound of Fury, The', '.dvd', 'pl', '4k', 2012, 40);
insert into torrent.film_archetype (id, title, format, language_code, resolution, release_year, length_in_minutes)
values ('90583841-bf7b-4929-aaba-5e8f4549485e', 'Sniper 2', '.dvd', 'pl', '', 1996, 59);
insert into torrent.film_archetype (id, title, format, language_code, resolution, release_year, length_in_minutes)
values ('f5089a9a-f0be-4219-b643-a9834e90607b', 'Kaksi kotia (Dagmamman)', '.dvd', 'en', '4k', 2002, 45);
insert into torrent.film_archetype (id, title, format, language_code, resolution, release_year, length_in_minutes)
values ('f0bfa84d-158d-4bd1-845e-cfc9c3272435', 'My Best Friend''s Wife', '.mp4', 'ir', '', 1983, 51);
insert into torrent.film_archetype (id, title, format, language_code, resolution, release_year, length_in_minutes)
values ('31199ff1-1bbe-4ba8-9846-a034cfa6c779', 'Gymnast, The', '.dvd', 'en', '2k', 1985, 92);
insert into torrent.film_archetype (id, title, format, language_code, resolution, release_year, length_in_minutes)
values ('67f79b02-7d91-4c58-b6ca-572906416459', 'Savior', '.flac', 'ge', '1920x1080', 1999, 63);
insert into torrent.film_archetype (id, title, format, language_code, resolution, release_year, length_in_minutes)
values ('7428f00a-e185-40b4-9666-4200224767c0', 'Tremors 3: Back to Perfection', '.flac', 'ge', '1920x1080', 1996, 95);
insert into torrent.film_archetype (id, title, format, language_code, resolution, release_year, length_in_minutes)
values ('e41095cc-2b4b-413a-a3e0-7b9d0aff67e1', 'Baron Blood (Orrori del castello di Norimberga, Gli)', '.mp4', 'ir',
        '', 2011, 76);
insert into torrent.film_archetype (id, title, format, language_code, resolution, release_year, length_in_minutes)
values ('9ec06388-e781-4eef-9b8d-6f422960f0a6', 'Lawless Frontier, The', '.flac', 'pl', '2k', 1969, 39);
insert into torrent.film_archetype (id, title, format, language_code, resolution, release_year, length_in_minutes)
values ('60ea09b4-9f4c-41b9-9d8c-a526cf0fca89', 'Trail of the Pink Panther', '.dvd', 'pl', '', 1986, 153);
insert into torrent.film_archetype (id, title, format, language_code, resolution, release_year, length_in_minutes)
values ('0a29e6f7-29b1-489d-a990-0533c0821a1b', 'First Family', '.iso', 'pl', '2k', 2011, 58);
insert into torrent.film_archetype (id, title, format, language_code, resolution, release_year, length_in_minutes)
values ('803a4cb6-777b-4d4e-81d8-fa06959e05b7', 'Goodbye Again', '.flac', 'fr', '2k', 1985, 165);
insert into torrent.film_archetype (id, title, format, language_code, resolution, release_year, length_in_minutes)
values ('a047e16d-0eaf-4599-bbea-ddc2187c8bc6', 'Now!', '.dvd', 'pl', '4k', 1993, 99);
insert into torrent.film_archetype (id, title, format, language_code, resolution, release_year, length_in_minutes)
values ('b8cd989b-5c21-43b9-af89-d85fb021c05f', 'True Confessions', '.iso', 'ge', '', 2007, 39);
insert into torrent.film_archetype (id, title, format, language_code, resolution, release_year, length_in_minutes)
values ('2b336859-01e3-4bb7-9535-1f1c0fc9a237', 'Michael Shayne: Private Detective', '.dvd', 'fr', '1920x1080', 1991,
        95);
insert into torrent.film_archetype (id, title, format, language_code, resolution, release_year, length_in_minutes)
values ('09c96644-47c2-47b7-893e-f1f6dc54521f', 'Apartment 1303 3D', '.iso', 'fr', '', 1997, 6);
insert into torrent.film_archetype (id, title, format, language_code, resolution, release_year, length_in_minutes)
values ('1943be96-abf3-43f9-8b42-0c3b01068453', 'Star Is Born, A', '.flac', 'ir', '2k', 1992, 22);

truncate torrent.film_instance cascade;
insert into torrent.film_instance (share_id, archetype_id)
values ('4c4cd997-bc95-411a-b536-0d80bbb32276', 'aa10bb10-362e-4f0b-a7e5-750a7357ad87');
insert into torrent.film_instance (share_id, archetype_id)
values ('2731312a-5a85-48bd-88cc-613e00777a74', '04734a79-d1f5-44ce-9bd2-437b8695bfa3');
insert into torrent.film_instance (share_id, archetype_id)
values ('c7a5009c-2ae5-44c5-afb5-bf64c46fe26c', 'ee61266a-4b64-429b-802c-bedf811dc256');
insert into torrent.film_instance (share_id, archetype_id)
values ('258dc54d-1b37-4100-84ce-b73b82a9a5f8', '29fcc732-f021-496c-8195-44ff12d3a031');
insert into torrent.film_instance (share_id, archetype_id)
values ('9f527479-34d3-423c-875b-a20c88bab7f1', '82bdb1d4-0bd8-459b-96db-1742b0b824a5');
insert into torrent.film_instance (share_id, archetype_id)
values ('cb7b5a74-07c7-4102-8c1f-01578e5bd65e', 'dcc8bda1-0be4-4457-88bb-d3a276c74cd9');
insert into torrent.film_instance (share_id, archetype_id)
values ('19678a34-e91d-4103-b576-9474d67ea982', '32da9c5e-a63c-434e-aa7c-6126b718e0bf');
insert into torrent.film_instance (share_id, archetype_id)
values ('69ae4d80-9136-460f-b1c5-abf34cdd1cb5', '37c67b50-9a36-4da1-bc7d-2f77fe135a8d');
insert into torrent.film_instance (share_id, archetype_id)
values ('316fde0d-1a48-48e5-adea-76d3e21525bb', '19eb6c67-dfef-47b3-862e-7f516ae95609');
insert into torrent.film_instance (share_id, archetype_id)
values ('3fd3ebf8-5f0e-4f81-82ac-4093890c7db0', '1bb600e4-eb08-451e-9838-865e672ee932');
insert into torrent.film_instance (share_id, archetype_id)
values ('b4d53818-aefd-4c80-bf50-dae0a23bc41f', 'b352272c-8748-41a9-a985-23b50e6de05d');
insert into torrent.film_instance (share_id, archetype_id)
values ('e7c10140-11fd-4181-b382-ff4101340373', '76fd5b66-4ad8-44fa-b57b-230324461f7a');
insert into torrent.film_instance (share_id, archetype_id)
values ('d1e5f0c9-6cab-43de-ba2c-bb7d59270c31', 'a05af301-e588-488e-8c6f-d4771589dbac');
insert into torrent.film_instance (share_id, archetype_id)
values ('6fdc1e11-0f32-4d07-98ba-93573b3f524c', 'aa97cbd1-cf07-4b25-a9a7-bf41ecd0b026');
insert into torrent.film_instance (share_id, archetype_id)
values ('47a15f21-a98f-494d-9ee4-014f46e06893', '303ba078-a31e-4fb3-abcc-75a84cd807a2');
insert into torrent.film_instance (share_id, archetype_id)
values ('5351c391-372f-46a4-83ce-85aaea7742b7', '907a6375-5189-4576-956e-2220e121bb6b');
insert into torrent.film_instance (share_id, archetype_id)
values ('2ccc2b6e-e152-4eb5-b58f-8b632aaca1dd', 'c183a38e-a455-47df-8b7c-0a0e26b4849d');
insert into torrent.film_instance (share_id, archetype_id)
values ('152e7e81-3c4b-440b-b507-e46da6c4ab0e', 'f49772f5-d271-48c2-aad5-d45f07257ab0');
insert into torrent.film_instance (share_id, archetype_id)
values ('c69d5f1d-a59e-41ca-b74f-8e93b9ec41a2', 'b2bbd031-8eb3-4c8d-ae93-e7e2f8f2a1f1');
insert into torrent.film_instance (share_id, archetype_id)
values ('60bbcf26-410d-4789-a7a6-6ac0a4dee73a', '8df37283-e4ce-4e55-9a6f-41a2e83c9e71');
insert into torrent.film_instance (share_id, archetype_id)
values ('14f487d9-83d7-4ff7-887a-cde148b35cab', '4dc45637-cc5a-4a81-970c-a9aabcff47b4');
insert into torrent.film_instance (share_id, archetype_id)
values ('810fa726-a209-42fd-b90f-34a850e6b77e', '6a5c9164-742f-40d8-bdfd-ef6527d4d9f1');

TRUNCATE torrent.music_archetype CASCADE;
insert into torrent.music_archetype (id, length_epoch, format, album_name, release_year)
values ('a50e474a-ad72-4163-94f3-25f5262a96c5', 7163, '.flac', 'Cardify', 2010);
insert into torrent.music_archetype (id, length_epoch, format, album_name, release_year)
values ('dec1a206-df35-4489-b7ed-020f9ef8af41', 241, '.wav', 'Asoka', 2001);
insert into torrent.music_archetype (id, length_epoch, format, album_name, release_year)
values ('e94a0b00-113a-4b65-a794-e671a573c22c', 3120, '.flac', 'Regrant', 2001);
insert into torrent.music_archetype (id, length_epoch, format, album_name, release_year)
values ('56aa3d9e-7608-4b16-ab55-a51833b5c6ef', 296, '.wav', 'Bitchip', 2001);
insert into torrent.music_archetype (id, length_epoch, format, album_name, release_year)
values ('453952c3-eb90-4a5b-b67e-ce176c90a66c', 4407, '.wav', 'Latlux', 1992);
insert into torrent.music_archetype (id, length_epoch, format, album_name, release_year)
values ('9d8e5159-c392-43c6-9364-45d481e832d3', 9226, '.mp3', 'Solarbreeze', 1992);
insert into torrent.music_archetype (id, length_epoch, format, album_name, release_year)
values ('d4596eb7-27cd-4e80-8b03-274e0b363caa', 7936, '.flac', 'Sub-Ex', 1998);
insert into torrent.music_archetype (id, length_epoch, format, album_name, release_year)
values ('983ccbbf-ee64-4736-94b1-18730e65de98', 7810, '.wav', 'Matsoft', 1986);
insert into torrent.music_archetype (id, length_epoch, format, album_name, release_year)
values ('78228fca-9abe-4a5e-b592-2b69930e0337', 3832, '.flac', 'Stim', 1995);
insert into torrent.music_archetype (id, length_epoch, format, album_name, release_year)
values ('676b66be-0a6c-4eac-93da-677a723b6768', 958, '.wav', 'Lotstring', 1985);
insert into torrent.music_archetype (id, length_epoch, format, album_name, release_year)
values ('c5d93082-4b2a-43fc-a1f7-0283eb6ee208', 6648, '.wav', 'It', 2001);
insert into torrent.music_archetype (id, length_epoch, format, album_name, release_year)
values ('95816af8-6c82-45fe-ba66-7ad175fd4580', 7300, '.mp3', 'Flexidy', 1977);
insert into torrent.music_archetype (id, length_epoch, format, album_name, release_year)
values ('b9e9719b-2ff3-4787-8989-32c1889d7095', 550, '.flac', 'Wrapsafe', 2001);
insert into torrent.music_archetype (id, length_epoch, format, album_name, release_year)
values ('f87c6dfe-2c2a-4461-829e-a76f00d5852f', 5678, '.flac', 'Job', 2003);
insert into torrent.music_archetype (id, length_epoch, format, album_name, release_year)
values ('6bcd4a96-461d-4f3e-b747-5f5b56a91a0b', 3504, '.wav', 'Greenlam', 2012);
insert into torrent.music_archetype (id, length_epoch, format, album_name, release_year)
values ('a5145a34-5b19-491a-b953-a6ea7eda3a9e', 2319, '.flac', 'Viva', 2005);
insert into torrent.music_archetype (id, length_epoch, format, album_name, release_year)
values ('52e4944d-d88f-4c7a-aed4-cfdfcf80b12e', 2022, '.flac', 'Konklab', 1993);
insert into torrent.music_archetype (id, length_epoch, format, album_name, release_year)
values ('adc69aa7-3bcc-4d90-9ed9-76a05ce3d0c8', 1654, '.wav', 'Opela', 2004);
insert into torrent.music_archetype (id, length_epoch, format, album_name, release_year)
values ('60c4f96e-75a5-41e6-bfd1-56f422d65377', 5789, '.flac', 'Redhold', 1993);
insert into torrent.music_archetype (id, length_epoch, format, album_name, release_year)
values ('bc1fb10a-841f-4996-832a-69bbb6618b9a', 9196, '.mp3', 'Kanlam', 2000);
insert into torrent.music_archetype (id, length_epoch, format, album_name, release_year)
values ('3bb34cec-5651-4056-8ede-9043b4cd12ba', 1835, '.wav', 'Gembucket', 2011);
insert into torrent.music_archetype (id, length_epoch, format, album_name, release_year)
values ('f95ae077-9609-4f9f-8aba-a2682dc3c8cb', 4986, '.flac', 'Fixflex', 1992);
insert into torrent.music_archetype (id, length_epoch, format, album_name, release_year)
values ('33b46d16-5ecb-4158-aa46-5ad1f56446b6', 8721, '.flac', 'Quo Lux', 2009);
insert into torrent.music_archetype (id, length_epoch, format, album_name, release_year)
values ('9379be53-de75-458f-8cf7-95f3a76ca110', 2325, '.mp3', 'Pannier', 1996);
insert into torrent.music_archetype (id, length_epoch, format, album_name, release_year)
values ('befd5d32-a43a-47ea-8637-bae8500ab0f0', 9639, '.flac', 'Viva', 2007);
insert into torrent.music_archetype (id, length_epoch, format, album_name, release_year)
values ('1651ba87-f8eb-4c16-a7a4-e26a09f03a35', 671, '.flac', 'Job', 2006);
insert into torrent.music_archetype (id, length_epoch, format, album_name, release_year)
values ('f85701f9-1a60-4574-9015-678905a19877', 574, '.wav', 'Subin', 2007);
insert into torrent.music_archetype (id, length_epoch, format, album_name, release_year)
values ('28183bc5-b546-41e2-8aba-f671e57380d2', 5499, '.wav', 'Lotstring', 2005);
insert into torrent.music_archetype (id, length_epoch, format, album_name, release_year)
values ('7161dbae-a946-4302-92bf-b7dabee9fb27', 2669, '.mp3', 'Voltsillam', 2013);
insert into torrent.music_archetype (id, length_epoch, format, album_name, release_year)
values ('ab43751d-3323-4966-8854-950e808f8b44', 6862, '.flac', 'Tempsoft', 2008);
insert into torrent.music_archetype (id, length_epoch, format, album_name, release_year)
values ('4b6cb172-dd66-452b-9870-5b50bd6d17f4', 9181, '.wav', 'Mat Lam Tam', 2009);
insert into torrent.music_archetype (id, length_epoch, format, album_name, release_year)
values ('31ca2eb9-c1f0-4348-affc-bfa4e365b136', 4099, '.flac', 'Temp', 2006);
insert into torrent.music_archetype (id, length_epoch, format, album_name, release_year)
values ('b3dd23e3-343e-429b-91c6-11467d434882', 2260, '.wav', 'Bamity', 1995);
insert into torrent.music_archetype (id, length_epoch, format, album_name, release_year)
values ('32ae10f7-8b1e-46ed-abac-f18ddce5cbda', 9482, '.wav', 'Zathin', 1998);
insert into torrent.music_archetype (id, length_epoch, format, album_name, release_year)
values ('0ca246a7-329e-4098-bde7-13a0d382447a', 3642, '.mp3', 'Voyatouch', 2010);
insert into torrent.music_archetype (id, length_epoch, format, album_name, release_year)
values ('d7f9ae7d-a1e0-452d-b6ce-d896d7777f1f', 5957, '.flac', 'Y-find', 1996);
insert into torrent.music_archetype (id, length_epoch, format, album_name, release_year)
values ('68f2e5b1-aec9-4fe4-aea5-71b6582fd610', 8142, '.flac', 'Voyatouch', 2012);
insert into torrent.music_archetype (id, length_epoch, format, album_name, release_year)
values ('5cf7441f-bb1f-4c20-a17b-1aa24e3411a8', 7705, '.wav', 'Transcof', 1989);
insert into torrent.music_archetype (id, length_epoch, format, album_name, release_year)
values ('e93da685-2fa5-440f-b334-3468e64f65fc', 830, '.mp3', 'Asoka', 2002);
insert into torrent.music_archetype (id, length_epoch, format, album_name, release_year)
values ('e0292c13-bb42-4603-a388-01fb25d76b84', 7017, '.mp3', 'Stronghold', 1993);
insert into torrent.music_archetype (id, length_epoch, format, album_name, release_year)
values ('95242053-5154-404e-a538-ee7134afd2b7', 4935, '.flac', 'Bytecard', 2007);
insert into torrent.music_archetype (id, length_epoch, format, album_name, release_year)
values ('ca5a4dd5-94d8-40a9-bee0-99c4a612283e', 8199, '.wav', 'It', 1992);
insert into torrent.music_archetype (id, length_epoch, format, album_name, release_year)
values ('54fb2734-f537-42d8-a280-7dbb59ee5fbb', 415, '.mp3', 'Domainer', 2012);
insert into torrent.music_archetype (id, length_epoch, format, album_name, release_year)
values ('6f511bae-4de7-4aee-80c4-dab8f7c4aba6', 4661, '.wav', 'Solarbreeze', 2011);
insert into torrent.music_archetype (id, length_epoch, format, album_name, release_year)
values ('179a20bb-ecb3-4be0-a4b5-1a97239eed9c', 3036, '.mp3', 'Rank', 2006);
insert into torrent.music_archetype (id, length_epoch, format, album_name, release_year)
values ('a3539a8f-c48e-49bb-bf9f-d112fd7af141', 9561, '.flac', 'Zontrax', 1984);
insert into torrent.music_archetype (id, length_epoch, format, album_name, release_year)
values ('83dfde07-d709-4898-a71f-b2cb08658378', 1536, '.mp3', 'Trippledex', 2007);
insert into torrent.music_archetype (id, length_epoch, format, album_name, release_year)
values ('b0a36e94-f8fe-4dfa-9891-e4cf0911ed2f', 350, '.wav', 'Sonsing', 2006);
insert into torrent.music_archetype (id, length_epoch, format, album_name, release_year)
values ('a188b67e-2ec9-4f1c-8905-63b59280d828', 5461, '.wav', 'Konklab', 2011);
insert into torrent.music_archetype (id, length_epoch, format, album_name, release_year)
values ('07fdab10-8898-4ad3-9da6-1602d1a62461', 760, '.wav', 'Stim', 2007);

truncate torrent.music_instance cascade;
insert into torrent.music_instance (share_id, archetype_id)
values ('5a441f82-f6b3-4412-96bc-6eac13bb4442', 'a50e474a-ad72-4163-94f3-25f5262a96c5');
insert into torrent.music_instance (share_id, archetype_id)
values ('b5b468c3-d129-4715-b94a-1bc98368fe5a', 'dec1a206-df35-4489-b7ed-020f9ef8af41');
insert into torrent.music_instance (share_id, archetype_id)
values ('86a74d25-4761-478c-87b4-888b9cbc0707', 'e94a0b00-113a-4b65-a794-e671a573c22c');
insert into torrent.music_instance (share_id, archetype_id)
values ('72601402-45fd-4af9-a779-a5bf788c7427', '56aa3d9e-7608-4b16-ab55-a51833b5c6ef');
insert into torrent.music_instance (share_id, archetype_id)
values ('6aa55a1d-a703-4853-950b-331925635629', '453952c3-eb90-4a5b-b67e-ce176c90a66c');
insert into torrent.music_instance (share_id, archetype_id)
values ('e7217078-b339-4d3e-b469-f161c73fc081', '9d8e5159-c392-43c6-9364-45d481e832d3');
insert into torrent.music_instance (share_id, archetype_id)
values ('6b11809f-c22c-412a-87d1-ed23f3f7ba56', 'd4596eb7-27cd-4e80-8b03-274e0b363caa');
insert into torrent.music_instance (share_id, archetype_id)
values ('5a3dc10f-a2e3-4363-bcad-e65723178e98', '983ccbbf-ee64-4736-94b1-18730e65de98');
insert into torrent.music_instance (share_id, archetype_id)
values ('2b4c59a1-96b7-4eee-a47d-3d69d8cf8fd9', '78228fca-9abe-4a5e-b592-2b69930e0337');
insert into torrent.music_instance (share_id, archetype_id)
values ('8831ded5-b91b-44f6-970b-f20d77c9d95b', '676b66be-0a6c-4eac-93da-677a723b6768');
insert into torrent.music_instance (share_id, archetype_id)
values ('86736cd2-f038-4b25-b2ee-0ca150d2f4b4', 'c5d93082-4b2a-43fc-a1f7-0283eb6ee208');
insert into torrent.music_instance (share_id, archetype_id)
values ('354ed58b-32c5-4aa8-b002-a771bf2a85cb', '95816af8-6c82-45fe-ba66-7ad175fd4580');
insert into torrent.music_instance (share_id, archetype_id)
values ('ce73ea30-a02d-47fd-8780-7ea398f64712', 'b9e9719b-2ff3-4787-8989-32c1889d7095');
insert into torrent.music_instance (share_id, archetype_id)
values ('4202c24a-f90d-43d5-aa2a-5d38327f5ee7', 'f87c6dfe-2c2a-4461-829e-a76f00d5852f');
insert into torrent.music_instance (share_id, archetype_id)
values ('8e028a64-e408-444d-a608-fa2d106fd195', '6bcd4a96-461d-4f3e-b747-5f5b56a91a0b');
insert into torrent.music_instance (share_id, archetype_id)
values ('ac8225ee-d339-43ad-a225-5e62372ef759', 'a5145a34-5b19-491a-b953-a6ea7eda3a9e');
insert into torrent.music_instance (share_id, archetype_id)
values ('cd66b88c-50c7-4ca8-b276-9532b0ebbca2', '52e4944d-d88f-4c7a-aed4-cfdfcf80b12e');
insert into torrent.music_instance (share_id, archetype_id)
values ('3690ea3a-a63d-41c8-807f-f223159c9f1f', 'adc69aa7-3bcc-4d90-9ed9-76a05ce3d0c8');
insert into torrent.music_instance (share_id, archetype_id)
values ('43660367-7831-44f9-903e-4761f20b1a7b', '60c4f96e-75a5-41e6-bfd1-56f422d65377');
insert into torrent.music_instance (share_id, archetype_id)
values ('e2d28848-9849-4e1d-ba0a-097d7d604859', 'bc1fb10a-841f-4996-832a-69bbb6618b9a');
insert into torrent.music_instance (share_id, archetype_id)
values ('075281ab-a70f-4b3f-8869-05bca711fa67', '3bb34cec-5651-4056-8ede-9043b4cd12ba');
insert into torrent.music_instance (share_id, archetype_id)
values ('76eccf00-d73b-4197-a457-727781dcee4f', 'f95ae077-9609-4f9f-8aba-a2682dc3c8cb');
insert into torrent.music_instance (share_id, archetype_id)
values ('f786fddd-690f-498d-bee8-f9f6cc63be35', '33b46d16-5ecb-4158-aa46-5ad1f56446b6');
insert into torrent.music_instance (share_id, archetype_id)
values ('105ba1d4-6a52-4472-a3d9-d7f8787dcc20', '9379be53-de75-458f-8cf7-95f3a76ca110');
insert into torrent.music_instance (share_id, archetype_id)
values ('664fb721-7d28-445d-8578-1fcdb420a221', 'befd5d32-a43a-47ea-8637-bae8500ab0f0');
insert into torrent.music_instance (share_id, archetype_id)
values ('4ef11c56-6d5e-4549-ac12-68bf6d4e0e3c', '1651ba87-f8eb-4c16-a7a4-e26a09f03a35');
insert into torrent.music_instance (share_id, archetype_id)
values ('7111b66b-452b-4ea3-94de-d4b9df8afc12', 'f85701f9-1a60-4574-9015-678905a19877');

TRUNCATE torrent.game_archetype CASCADE;
insert into torrent.game_archetype (id, title, studio, language_code, release_year, operating_system)
values ('9e4858ce-70e3-4a35-9d4a-ca67ed0c8d24', 'Bamity', 'Skidoo', 'pl', 2002, 'Windows 11');
insert into torrent.game_archetype (id, title, studio, language_code, release_year, operating_system)
values ('35932c93-b4ed-49ed-807a-d532fe4fcaf9', 'Zathin', 'Jabbercube', 'ge', 2007, 'Windows 11');
insert into torrent.game_archetype (id, title, studio, language_code, release_year, operating_system)
values ('cff3df96-0530-4570-b435-d59d5b90d289', 'Tempsoft', 'Mycat', 'fr', 1992, 'Windows 11');
insert into torrent.game_archetype (id, title, studio, language_code, release_year, operating_system)
values ('cb271c90-ce3b-481f-bee4-ecd9cfc9d893', 'Subin', 'Babbleblab', 'pl', 1999, 'Windows 10');
insert into torrent.game_archetype (id, title, studio, language_code, release_year, operating_system)
values ('33ac73c4-dce1-4685-85ee-7b3158324731', 'Trippledex', 'Tagfeed', 'pl', 2003, 'SteamOs');
insert into torrent.game_archetype (id, title, studio, language_code, release_year, operating_system)
values ('efef9590-a150-412c-bbe2-cb6392541bda', 'Viva', 'Miboo', 'pl', 2011, 'SteamOs');
insert into torrent.game_archetype (id, title, studio, language_code, release_year, operating_system)
values ('085b37bd-3f67-4618-aced-3c86a7eb2829', 'Bitwolf', 'Voomm', 'fr', 1995, 'Windows 11');
insert into torrent.game_archetype (id, title, studio, language_code, release_year, operating_system)
values ('68ca255e-09c2-4055-b455-50d275e2301e', 'Veribet', 'Voomm', 'fr', 2006, 'Linux');
insert into torrent.game_archetype (id, title, studio, language_code, release_year, operating_system)
values ('f45d272c-226c-4737-b725-3359d2702334', 'Konklab', 'Abata', 'pl', 2001, 'SteamOs');
insert into torrent.game_archetype (id, title, studio, language_code, release_year, operating_system)
values ('230b35c9-a12b-4c43-9e76-8ccc93b53b89', 'Ronstring', 'Yodel', 'en', 1995, 'Windows 11');
insert into torrent.game_archetype (id, title, studio, language_code, release_year, operating_system)
values ('1185f05b-01c9-412f-a891-8b10c1e96568', 'Zontrax', 'Feednation', 'pl', 2007, 'SteamOs');
insert into torrent.game_archetype (id, title, studio, language_code, release_year, operating_system)
values ('d9cc25b8-bd84-4833-8a7b-b334b0c22f47', 'Lotlux', 'Omba', 'ge', 2008, 'Linux');
insert into torrent.game_archetype (id, title, studio, language_code, release_year, operating_system)
values ('b4a0460b-cfe6-4966-8763-e6a9de0e4473', 'Span', 'Youfeed', 'ge', 1991, 'Windows 11');
insert into torrent.game_archetype (id, title, studio, language_code, release_year, operating_system)
values ('71806139-4eb5-43d1-93f2-56087ff6157d', 'Kanlam', 'Kaymbo', 'pl', 1997, 'SteamOs');
insert into torrent.game_archetype (id, title, studio, language_code, release_year, operating_system)
values ('46c6463a-bf07-4413-87ee-5ceac88eb257', 'Konklab', 'Agimba', 'en', 2007, 'Linux');
insert into torrent.game_archetype (id, title, studio, language_code, release_year, operating_system)
values ('05b4e9d5-09b1-4116-8fc5-9b697d0c6add', 'Ronstring', 'Tagcat', 'en', 2008, 'Linux');
insert into torrent.game_archetype (id, title, studio, language_code, release_year, operating_system)
values ('89796987-1e82-4a29-bd48-757f8e24664d', 'Subin', 'Digitube', 'pl', 2008, 'Windows 11');
insert into torrent.game_archetype (id, title, studio, language_code, release_year, operating_system)
values ('0c28a1f2-d64c-4a39-867f-630ccbab5058', 'Wrapsafe', 'Skaboo', 'en', 2005, 'Linux');
insert into torrent.game_archetype (id, title, studio, language_code, release_year, operating_system)
values ('d636ed56-4635-429f-b219-d107fec79809', 'Holdlamis', 'Yakidoo', 'en', 2001, 'Linux');
insert into torrent.game_archetype (id, title, studio, language_code, release_year, operating_system)
values ('dfaaf187-c607-4355-8578-d70a2da0b0e2', 'Span', 'Rhyzio', 'en', 2000, 'Windows 10');
insert into torrent.game_archetype (id, title, studio, language_code, release_year, operating_system)
values ('3ae6df32-6202-4756-8b32-7f78c6832964', 'Zathin', 'Meembee', 'en', 1998, 'Linux');
insert into torrent.game_archetype (id, title, studio, language_code, release_year, operating_system)
values ('e003721f-3b73-47b0-bd41-bf5b47474fb1', 'Pannier', 'Youfeed', 'pl', 2000, 'Linux');
insert into torrent.game_archetype (id, title, studio, language_code, release_year, operating_system)
values ('2bbbfc13-41e7-4f27-88b9-57b05a8e4012', 'Home Ing', 'JumpXS', 'en', 1992, 'Windows 11');
insert into torrent.game_archetype (id, title, studio, language_code, release_year, operating_system)
values ('5f6dc351-c41c-4dfe-b74d-f6e7f186fff3', 'Vagram', 'Skimia', 'pl', 2003, 'Windows 11');
insert into torrent.game_archetype (id, title, studio, language_code, release_year, operating_system)
values ('75523893-b476-4f46-8b4c-9640e8c5ec2f', 'Transcof', 'Jabbertype', 'fr', 2000, 'Windows 10');
insert into torrent.game_archetype (id, title, studio, language_code, release_year, operating_system)
values ('2e7e3130-0947-4ef3-816c-c7aec8df890f', 'Ronstring', 'Avamba', 'en', 2011, 'Linux');
insert into torrent.game_archetype (id, title, studio, language_code, release_year, operating_system)
values ('cbc4c822-df3b-4b16-ba71-0a5569f5204c', 'Opela', 'Gabvine', 'en', 2009, 'Windows 10');
insert into torrent.game_archetype (id, title, studio, language_code, release_year, operating_system)
values ('7cb4bb44-4c84-439e-b4ea-e8b6aa019048', 'Konklux', 'Reallinks', 'ge', 2010, 'Windows 10');
insert into torrent.game_archetype (id, title, studio, language_code, release_year, operating_system)
values ('d8fb8926-bfc6-46e7-8649-a641ec7ba8bc', 'Regrant', 'Feedbug', 'pl', 2004, 'SteamOs');
insert into torrent.game_archetype (id, title, studio, language_code, release_year, operating_system)
values ('27a0825b-302b-4bd1-806c-af594efd5b9e', 'Namfix', 'Kwimbee', 'ge', 2000, 'Windows 10');
insert into torrent.game_archetype (id, title, studio, language_code, release_year, operating_system)
values ('a734ee73-27c4-40dd-ba6c-e5db868af4de', 'Toughjoyfax', 'Dynabox', 'pl', 2006, 'Linux');
insert into torrent.game_archetype (id, title, studio, language_code, release_year, operating_system)
values ('87f67105-f174-46bc-a671-9efc2905d308', 'Cardguard', 'Jayo', 'fr', 1997, 'Windows 10');
insert into torrent.game_archetype (id, title, studio, language_code, release_year, operating_system)
values ('cfc5e63c-1fcb-4c4e-952f-752c9711c26e', 'Fintone', 'Eadel', 'fr', 1987, 'SteamOs');
insert into torrent.game_archetype (id, title, studio, language_code, release_year, operating_system)
values ('0f96898e-f9df-4af7-a99e-bc83c3175e30', 'Fixflex', 'JumpXS', 'fr', 2011, 'Windows 10');
insert into torrent.game_archetype (id, title, studio, language_code, release_year, operating_system)
values ('c2f7208e-e160-4b51-a52a-a0f04967a0a5', 'Hatity', 'Riffwire', 'fr', 2002, 'SteamOs');
insert into torrent.game_archetype (id, title, studio, language_code, release_year, operating_system)
values ('e24614eb-8f55-4b19-b043-cd2be370c8c7', 'Asoka', 'Dabshots', 'en', 2002, 'Linux');
insert into torrent.game_archetype (id, title, studio, language_code, release_year, operating_system)
values ('12669fb5-95f6-4327-8e3c-03bae04bc2da', 'Bigtax', 'Dablist', 'pl', 1996, 'Linux');
insert into torrent.game_archetype (id, title, studio, language_code, release_year, operating_system)
values ('30c5d642-143e-4558-9c97-44979e5fa7e0', 'Viva', 'Voonte', 'en', 2011, 'Windows 10');
insert into torrent.game_archetype (id, title, studio, language_code, release_year, operating_system)
values ('51ab7c60-5f6a-4484-9ceb-b4d1f8b30e9e', 'Voyatouch', 'Meedoo', 'fr', 2011, 'Linux');
insert into torrent.game_archetype (id, title, studio, language_code, release_year, operating_system)
values ('5268e931-6487-4511-9e76-70c3a6bf93e1', 'Sonair', 'Edgeify', 'pl', 1997, 'Windows 11');
insert into torrent.game_archetype (id, title, studio, language_code, release_year, operating_system)
values ('1e8890d7-4e9b-4512-9945-45ce3643c75e', 'Konklux', 'Browsecat', 'ge', 1984, 'Linux');
insert into torrent.game_archetype (id, title, studio, language_code, release_year, operating_system)
values ('9e737efa-1239-4ce5-a712-d7039eac2a6e', 'Tempsoft', 'Riffwire', 'ge', 1994, 'Windows 10');
insert into torrent.game_archetype (id, title, studio, language_code, release_year, operating_system)
values ('abd15485-f078-44ae-9ea9-f7bcb23ed9f1', 'Duobam', 'Oyonder', 'fr', 2011, 'SteamOs');
insert into torrent.game_archetype (id, title, studio, language_code, release_year, operating_system)
values ('0fff6f74-9330-4fde-9ab2-e97847a2f186', 'Bamity', 'Youtags', 'fr', 1997, 'Linux');
insert into torrent.game_archetype (id, title, studio, language_code, release_year, operating_system)
values ('143cbc74-945a-48c9-9d6d-7d28acc72b15', 'Greenlam', 'Skalith', 'en', 1997, 'Windows 10');
insert into torrent.game_archetype (id, title, studio, language_code, release_year, operating_system)
values ('61aaf862-10ff-45b6-a163-44481244193f', 'Tin', 'Youspan', 'pl', 2005, 'Windows 10');
insert into torrent.game_archetype (id, title, studio, language_code, release_year, operating_system)
values ('005c6009-7530-4c82-b4ec-a8e2ca251732', 'Span', 'Quamba', 'ge', 2009, 'SteamOs');
insert into torrent.game_archetype (id, title, studio, language_code, release_year, operating_system)
values ('e17ebf29-58a8-4b78-b167-1aaa4aafdd56', 'Fix San', 'Kazu', 'ge', 2002, 'Linux');
insert into torrent.game_archetype (id, title, studio, language_code, release_year, operating_system)
values ('de230a1f-3451-403c-8552-6297d8ef8e7d', 'Quo Lux', 'Twitternation', 'fr', 1993, 'Windows 11');
insert into torrent.game_archetype (id, title, studio, language_code, release_year, operating_system)
values ('eee5b102-be02-4a99-a579-ee3cb51339bd', 'Job', 'Tagopia', 'pl', 2006, 'SteamOs');

insert into torrent.game_instance (share_id, archetype_id)
values ('649539c3-6c06-42cd-b2cb-099f5fa3581b', '9e4858ce-70e3-4a35-9d4a-ca67ed0c8d24');
insert into torrent.game_instance (share_id, archetype_id)
values ('9f7e5bfc-afc8-469b-9e1d-36511ec47bf2', '35932c93-b4ed-49ed-807a-d532fe4fcaf9');
insert into torrent.game_instance (share_id, archetype_id)
values ('0ae94b84-f390-4195-82c9-44e558a76099', 'cff3df96-0530-4570-b435-d59d5b90d289');
insert into torrent.game_instance (share_id, archetype_id)
values ('cc827187-e665-459e-bd53-38cab8be5843', 'cb271c90-ce3b-481f-bee4-ecd9cfc9d893');
insert into torrent.game_instance (share_id, archetype_id)
values ('aec3cb1f-f48d-4f5b-8c04-f885bcacff4a', '33ac73c4-dce1-4685-85ee-7b3158324731');
insert into torrent.game_instance (share_id, archetype_id)
values ('28279bd7-815d-42c2-a7a6-d999f19f415d', 'efef9590-a150-412c-bbe2-cb6392541bda');
insert into torrent.game_instance (share_id, archetype_id)
values ('7f3fdc55-357c-495f-8f21-ea117815d481', '085b37bd-3f67-4618-aced-3c86a7eb2829');
insert into torrent.game_instance (share_id, archetype_id)
values ('b8018acc-9aef-4b73-9a4e-e01d84d9f318', '68ca255e-09c2-4055-b455-50d275e2301e');
insert into torrent.game_instance (share_id, archetype_id)
values ('9ff3816d-03e2-49cd-98e0-e558f15df6d6', 'f45d272c-226c-4737-b725-3359d2702334');
insert into torrent.game_instance (share_id, archetype_id)
values ('d21abf58-b53c-4f6b-a0e7-96183b854457', '230b35c9-a12b-4c43-9e76-8ccc93b53b89');
insert into torrent.game_instance (share_id, archetype_id)
values ('3519f342-fe6b-405d-a513-86b37c884450', '1185f05b-01c9-412f-a891-8b10c1e96568');
insert into torrent.game_instance (share_id, archetype_id)
values ('1989b0bc-4378-4a6e-8535-e81173133f93', 'd9cc25b8-bd84-4833-8a7b-b334b0c22f47');
insert into torrent.game_instance (share_id, archetype_id)
values ('48ad2dc0-ec6e-4a32-b418-6f750576e8a8', 'b4a0460b-cfe6-4966-8763-e6a9de0e4473');

TRUNCATE torrent.book_archetype CASCADE;
insert into torrent.book_archetype (id, title, author, language_code, isbn)
values ('21c4a9f0-ee8d-498c-bb69-0d57c60cfe6a', 'Greenlam', 'Tiffy Hames', 'fr', '901233093-9');
insert into torrent.book_archetype (id, title, author, language_code, isbn)
values ('4bb1787a-860c-48b1-9f74-8bb5ade1960b', 'Cardguard', 'Jaime Silman', 'en', '484464667-2');
insert into torrent.book_archetype (id, title, author, language_code, isbn)
values ('162ef95c-51a1-467e-9582-3917f801ea3c', 'Home Ing', 'Kaile Connop', 'ge', '808639290-2');
insert into torrent.book_archetype (id, title, author, language_code, isbn)
values ('e98a9590-45cb-4f60-8b69-86abe9d89878', 'Andalax', 'Linzy Jeune', 'pl', '713985242-1');
insert into torrent.book_archetype (id, title, author, language_code, isbn)
values ('2efe7e52-9774-4370-ac9d-9047c1b63e6a', 'Viva', 'Gideon Feronet', 'ge', '806444063-7');
insert into torrent.book_archetype (id, title, author, language_code, isbn)
values ('9e4f52b2-e11b-4b2a-811c-56445dd5645a', 'Greenlam', 'Moll Coltherd', 'ge', '381569632-1');
insert into torrent.book_archetype (id, title, author, language_code, isbn)
values ('3f22f0ad-c1f4-497d-ad4e-1a0c1514a9fa', 'Alphazap', 'Darcy Quant', 'en', '353534812-9');
insert into torrent.book_archetype (id, title, author, language_code, isbn)
values ('1791a812-1c56-4bb5-9844-760929d9dc5d', 'Bigtax', 'Krystalle Pougher', 'fr', '336952794-4');
insert into torrent.book_archetype (id, title, author, language_code, isbn)
values ('3dc5346a-c3b7-4291-a2c4-47b434128d49', 'Temp', 'Ingrim Pischel', 'fr', '825099487-6');
insert into torrent.book_archetype (id, title, author, language_code, isbn)
values ('e6523651-5f32-444c-a18c-d9d3c0fee0f4', 'Ventosanzap', 'Leanna Symcock', 'ge', '761038501-8');
insert into torrent.book_archetype (id, title, author, language_code, isbn)
values ('8644278c-a906-446c-887b-5c0b59c9c76c', 'Asoka', 'Vince Ughi', 'fr', '881705807-6');
insert into torrent.book_archetype (id, title, author, language_code, isbn)
values ('544e28a7-1500-4b40-8f18-07491b1f8640', 'Domainer', 'Wyn Lacrouts', 'en', '693682272-X');
insert into torrent.book_archetype (id, title, author, language_code, isbn)
values ('de012a69-f9e3-4bc7-a626-662ebba742e6', 'Quo Lux', 'Jenn Arling', 'ge', '074601899-1');
insert into torrent.book_archetype (id, title, author, language_code, isbn)
values ('99ceaaea-011e-4408-96d5-e15ad86ddd64', 'Bitchip', 'Teresita Benterman', 'pl', '280111408-1');
insert into torrent.book_archetype (id, title, author, language_code, isbn)
values ('c451c6fb-941a-4c5f-9a4f-3043334a9413', 'Cardguard', 'Beaufort Brach', 'fr', '235436076-2');
insert into torrent.book_archetype (id, title, author, language_code, isbn)
values ('aba2d338-97f5-4ef5-a501-075e1e2f465b', 'Stronghold', 'Rozalie Skeldinge', 'ge', '502104110-X');
insert into torrent.book_archetype (id, title, author, language_code, isbn)
values ('44df134d-3f0f-4f72-b7f4-9f0a5455b222', 'Duobam', 'Palmer Seleway', 'fr', '059032230-3');
insert into torrent.book_archetype (id, title, author, language_code, isbn)
values ('657959d5-9b4e-45e5-bbdc-0559f97eaf03', 'Hatity', 'Loy Coggon', 'en', '635461818-6');
insert into torrent.book_archetype (id, title, author, language_code, isbn)
values ('5c2611af-c926-4c72-8514-b70f483e6b52', 'Hatity', 'Trenna Flott', 'en', '407443793-7');
insert into torrent.book_archetype (id, title, author, language_code, isbn)
values ('53f3b7ff-01a3-4a1a-911c-335ebffc5052', 'Sonsing', 'Eran Hamberston', 'pl', '707738446-2');
insert into torrent.book_archetype (id, title, author, language_code, isbn)
values ('80608b32-8bc2-40be-b1c6-4dc9b9508cf5', 'Bigtax', 'Dorie Ruppertz', 'fr', '898676486-5');
insert into torrent.book_archetype (id, title, author, language_code, isbn)
values ('fe9157be-bd38-4f8c-a716-435f1eda513f', 'Regrant', 'Bunny MacKim', 'ge', '207138907-7');
insert into torrent.book_archetype (id, title, author, language_code, isbn)
values ('29c461a2-3f3c-46d6-9ad0-5d68d2486a90', 'Zamit', 'Deni Errichi', 'en', '672093119-9');
insert into torrent.book_archetype (id, title, author, language_code, isbn)
values ('8a257c2c-921e-4f20-84d6-72fcb3a32180', 'Tampflex', 'Cati Sotham', 'ge', '909495201-7');
insert into torrent.book_archetype (id, title, author, language_code, isbn)
values ('2ddb295c-4830-4923-8781-ebabe3443655', 'Toughjoyfax', 'Olivette Spanton', 'pl', '399170187-1');
insert into torrent.book_archetype (id, title, author, language_code, isbn)
values ('83110150-d0b7-4b2d-861e-445be94dcef6', 'Zontrax', 'Leigh Emlyn', 'en', '214496846-2');
insert into torrent.book_archetype (id, title, author, language_code, isbn)
values ('f0dd3846-c2c6-400d-bc02-3fd7c90574e8', 'Temp', 'Mozes Woodwin', 'pl', '891340963-1');
insert into torrent.book_archetype (id, title, author, language_code, isbn)
values ('58786a57-488c-4413-83be-f336e5c4afd4', 'Zaam-Dox', 'Gonzales Hildred', 'fr', '149152115-5');
insert into torrent.book_archetype (id, title, author, language_code, isbn)
values ('b7757055-4c52-4e96-8627-22c543c32506', 'Lotlux', 'Sandro Jahn', 'pl', '901083049-7');
insert into torrent.book_archetype (id, title, author, language_code, isbn)
values ('8f6cbe56-ac88-4449-9a77-6bad5467e17a', 'Konklab', 'Cullan Manktelow', 'pl', '347813835-3');
insert into torrent.book_archetype (id, title, author, language_code, isbn)
values ('a33e114b-2159-49c4-9e21-b81a03d13e50', 'Konklab', 'Claudine Lugard', 'ge', '628815546-2');
insert into torrent.book_archetype (id, title, author, language_code, isbn)
values ('c6664e4b-f4e5-4d25-a306-6ff9c40b1842', 'Sonair', 'Sheilah Donn', 'fr', '091292811-5');
insert into torrent.book_archetype (id, title, author, language_code, isbn)
values ('a662c1cb-0d04-4623-9266-140099f38898', 'Bitwolf', 'Daryl Haskey', 'pl', '013333474-0');
insert into torrent.book_archetype (id, title, author, language_code, isbn)
values ('68d7bed1-aa47-4524-b2d4-5ef241e39fc3', 'Konklux', 'Kendra Tolotti', 'fr', '553482200-7');
insert into torrent.book_archetype (id, title, author, language_code, isbn)
values ('cedb897b-2806-4645-9afd-4c75f8091a5a', 'Bigtax', 'Abbot Missington', 'fr', '110490166-8');
insert into torrent.book_archetype (id, title, author, language_code, isbn)
values ('4e569d36-adeb-4b6b-a832-d2127db5f4e8', 'Treeflex', 'Kali Grimm', 'en', '924427531-7');
insert into torrent.book_archetype (id, title, author, language_code, isbn)
values ('7169967d-aa2b-4778-aaeb-0148cc53d928', 'Vagram', 'Filippo Rowntree', 'ge', '593973476-6');
insert into torrent.book_archetype (id, title, author, language_code, isbn)
values ('d2c26657-4f39-4e57-ac50-0e84cca19116', 'Gembucket', 'Ketty Chander', 'fr', '576027602-6');
insert into torrent.book_archetype (id, title, author, language_code, isbn)
values ('65378cad-96ab-4c06-8384-90967c29bf23', 'Overhold', 'Barbabas Gibb', 'en', '119755996-5');
insert into torrent.book_archetype (id, title, author, language_code, isbn)
values ('521b5ca4-a609-4583-9c73-4ad6f9165ddb', 'Konklab', 'Flossy Bygreaves', 'ge', '277181697-0');
insert into torrent.book_archetype (id, title, author, language_code, isbn)
values ('0a8dbff1-e874-4e3b-b316-6d3e0cc89a90', 'Keylex', 'Griffie Marchello', 'en', '821476138-7');
insert into torrent.book_archetype (id, title, author, language_code, isbn)
values ('f83a4b03-2bea-4933-89e5-9f0fe8a28de0', 'Lotlux', 'Crawford McIlvaney', 'en', '425774355-7');
insert into torrent.book_archetype (id, title, author, language_code, isbn)
values ('4efb224f-9b2d-4722-8613-b34b23cb174a', 'Temp', 'Bonny Matherson', 'fr', '945263296-8');
insert into torrent.book_archetype (id, title, author, language_code, isbn)
values ('685521d0-b13a-4125-9e23-372add1c2154', 'Transcof', 'Shellysheldon Gyves', 'en', '411874588-7');
insert into torrent.book_archetype (id, title, author, language_code, isbn)
values ('8a2a21ed-8ff5-40d3-a581-fb65fd936362', 'Home Ing', 'Nanci Choake', 'ge', '703290064-X');
insert into torrent.book_archetype (id, title, author, language_code, isbn)
values ('b93abdea-ccb9-4069-b026-5c0ecfbf8c25', 'Quo Lux', 'Ashley Labba', 'en', '367978115-6');
insert into torrent.book_archetype (id, title, author, language_code, isbn)
values ('7203f61a-bf45-42f3-9e46-a46300b904f9', 'Cardguard', 'Winn Joddens', 'en', '636460177-4');
insert into torrent.book_archetype (id, title, author, language_code, isbn)
values ('b13eac94-8c36-430b-ab62-2665a1d38dd4', 'Stronghold', 'Emlynne Mayhead', 'ge', '632407135-9');
insert into torrent.book_archetype (id, title, author, language_code, isbn)
values ('8fbe1271-9c89-4373-baa8-976bdebf9660', 'Stim', 'Gretna Hurdwell', 'pl', '711002768-6');
insert into torrent.book_archetype (id, title, author, language_code, isbn)
values ('d70fb665-c35e-4609-ada8-7b47a9d6a819', 'Overhold', 'Alleen Fryers', 'en', '410294126-6');

TRUNCATE torrent.audio_book CASCADE;

insert into torrent.audio_book (id, source_book_id, studio, read_by, language_code, length_epoch, format, release_year)
values ('5f462bc4-108c-40a5-9b39-f641ee472f47', '4bb1787a-860c-48b1-9f74-8bb5ade1960b', 'Realcube', 'Colman Saberton',
        'ge', 1506, '.wav', 2001);
insert into torrent.audio_book (id, source_book_id, studio, read_by, language_code, length_epoch, format, release_year)
values ('62b28f4d-fbc3-4c1a-bf80-f940294b08af', '21c4a9f0-ee8d-498c-bb69-0d57c60cfe6a', 'Dabtype', 'Margy Herreran',
        'fr', 576, '.wav', 1997);
insert into torrent.audio_book (id, source_book_id, studio, read_by, language_code, length_epoch, format, release_year)
values ('da5a9846-c175-4b61-8b6d-c0c46b21c101', '162ef95c-51a1-467e-9582-3917f801ea3c', 'Fanoodle', 'Brewer Thwaite',
        'en', 645, '.wav', 1984);
insert into torrent.audio_book (id, source_book_id, studio, read_by, language_code, length_epoch, format, release_year)
values ('8920252a-6207-44b7-9325-c4667df55348', 'e98a9590-45cb-4f60-8b69-86abe9d89878', 'Dazzlesphere',
        'Glendon O''Fihily', 'pl', 1252, '.wav', 2004);
insert into torrent.audio_book (id, source_book_id, studio, read_by, language_code, length_epoch, format, release_year)
values ('bbe8bbc0-b4fe-460d-85da-0ea595daf64d', '2efe7e52-9774-4370-ac9d-9047c1b63e6a', 'Yombu', 'Holly Gwilym', 'pl',
        1818, '.wav', 1991);
insert into torrent.audio_book (id, source_book_id, studio, read_by, language_code, length_epoch, format, release_year)
values ('f18984d7-4e2c-4688-840a-f7ca35f3158f', '9e4f52b2-e11b-4b2a-811c-56445dd5645a', 'Flashspan', 'Leandra Olphert',
        'fr', 1655, '.wav', 2005);
insert into torrent.audio_book (id, source_book_id, studio, read_by, language_code, length_epoch, format, release_year)
values ('3be68b47-dc74-48d8-bc00-6305ae73fe76', '3f22f0ad-c1f4-497d-ad4e-1a0c1514a9fa', 'Shuffledrive', 'Francis Gates',
        'en', 644, '.wav', 2003);
insert into torrent.audio_book (id, source_book_id, studio, read_by, language_code, length_epoch, format, release_year)
values ('abf7a51d-59df-4778-bc07-f597ab06c946', '1791a812-1c56-4bb5-9844-760929d9dc5d', 'Twimbo', 'Hallie MacAne', 'en',
        1277, '.wav', 2010);
insert into torrent.audio_book (id, source_book_id, studio, read_by, language_code, length_epoch, format, release_year)
values ('a2317745-b193-4750-b2db-07c322ba9a88', '3dc5346a-c3b7-4291-a2c4-47b434128d49', 'Gabvine', 'Chen Pesselt', 'en',
        669, '.wav', 1994);
insert into torrent.audio_book (id, source_book_id, studio, read_by, language_code, length_epoch, format, release_year)
values ('70f458c2-c41d-430a-88e0-1e1b10e5c523', 'e6523651-5f32-444c-a18c-d9d3c0fee0f4', 'Riffpath', 'Tamra Forshaw',
        'fr', 656, '.mp3', 2006);
insert into torrent.audio_book (id, source_book_id, studio, read_by, language_code, length_epoch, format, release_year)
values ('7c7962f7-f98b-4cdf-9f60-f7a056464628', '8644278c-a906-446c-887b-5c0b59c9c76c', 'Mynte', 'Bambi Armour', 'en',
        1661, '.mp3', 2009);
insert into torrent.audio_book (id, source_book_id, studio, read_by, language_code, length_epoch, format, release_year)
values ('88a9fa15-fc73-413b-a75f-f41261fb9378', '544e28a7-1500-4b40-8f18-07491b1f8640', 'Npath',
        'Anna-maria Petroselli', 'en', 832, '.wav', 1992);
insert into torrent.audio_book (id, source_book_id, studio, read_by, language_code, length_epoch, format, release_year)
values ('b7d550bb-2ae3-425f-b821-3a9c7433eb2e', 'de012a69-f9e3-4bc7-a626-662ebba742e6', 'Livetube', 'Wilow Simchenko',
        'ge', 693, '.mp3', 1991);
insert into torrent.audio_book (id, source_book_id, studio, read_by, language_code, length_epoch, format, release_year)
values ('fa31217a-102a-4ac4-9542-5ba7000c0950', '99ceaaea-011e-4408-96d5-e15ad86ddd64', 'Mydeo', 'Loretta Croix', 'en',
        1125, '.wav', 1963);
insert into torrent.audio_book (id, source_book_id, studio, read_by, language_code, length_epoch, format, release_year)
values ('8182a436-4c9f-4447-afc3-932dfb9dc8f1', 'c451c6fb-941a-4c5f-9a4f-3043334a9413', 'Twitterworks', 'Paddie Royste',
        'en', 1627, '.wav', 2007);
insert into torrent.audio_book (id, source_book_id, studio, read_by, language_code, length_epoch, format, release_year)
values ('ece738b2-742f-486f-8433-f88d844030bc', 'aba2d338-97f5-4ef5-a501-075e1e2f465b', 'Livefish', 'Risa Kaes', 'fr',
        1880, '.wav', 2009);
insert into torrent.audio_book (id, source_book_id, studio, read_by, language_code, length_epoch, format, release_year)
values ('64876323-f4b4-43b4-912f-5275dda4457a', '44df134d-3f0f-4f72-b7f4-9f0a5455b222', 'Edgeclub', 'Carena MacKenzie',
        'fr', 1553, '.mp3', 2006);
insert into torrent.audio_book (id, source_book_id, studio, read_by, language_code, length_epoch, format, release_year)
values ('6c57ebd6-a25d-4e21-863f-c9e4ef76ff0a', '657959d5-9b4e-45e5-bbdc-0559f97eaf03', 'Buzzdog', 'Zedekiah Doppler',
        'fr', 1142, '.wav', 1998);
insert into torrent.audio_book (id, source_book_id, studio, read_by, language_code, length_epoch, format, release_year)
values ('1ee7a4a9-1294-4465-bc33-47d3d5647cd3', '5c2611af-c926-4c72-8514-b70f483e6b52', 'Skidoo', 'Stanfield Pattle',
        'pl', 2021, '.mp3', 2006);
insert into torrent.audio_book (id, source_book_id, studio, read_by, language_code, length_epoch, format, release_year)
values ('ff9383d5-92d8-4c80-a9de-e81ca725324b', '53f3b7ff-01a3-4a1a-911c-335ebffc5052', 'Meezzy', 'Fanny Blaydon', 'pl',
        1014, '.wav', 2006);
insert into torrent.audio_book (id, source_book_id, studio, read_by, language_code, length_epoch, format, release_year)
values ('a0ad4d57-986b-4b96-92b5-97eb08302808', '80608b32-8bc2-40be-b1c6-4dc9b9508cf5', 'Brainbox', 'Editha Kaley',
        'en', 337, '.mp3', 1990);
insert into torrent.audio_book (id, source_book_id, studio, read_by, language_code, length_epoch, format, release_year)
values ('c49f72c1-8262-4cbb-9250-256848a879fd', 'fe9157be-bd38-4f8c-a716-435f1eda513f', 'Minyx', 'Nicko Sherred', 'en',
        1985, '.wav', 1999);
insert into torrent.audio_book (id, source_book_id, studio, read_by, language_code, length_epoch, format, release_year)
values ('90f5503b-1475-4995-9c7a-3c2bf6ce2646', '29c461a2-3f3c-46d6-9ad0-5d68d2486a90', 'Wordify', 'Della Tuke', 'en',
        2119, '.wav', 2006);
insert into torrent.audio_book (id, source_book_id, studio, read_by, language_code, length_epoch, format, release_year)
values ('3d4bf514-da06-4288-8c8b-2fbada786534', '8a257c2c-921e-4f20-84d6-72fcb3a32180', 'Latz', 'Kristal Capp', 'fr',
        42, '.mp3', 1996);
insert into torrent.audio_book (id, source_book_id, studio, read_by, language_code, length_epoch, format, release_year)
values ('7e4be389-86f7-4a68-8cbf-62b38be38073', '2ddb295c-4830-4923-8781-ebabe3443655', 'Tambee', 'Philis Iacopetti',
        'pl', 754, '.mp3', 1998);
insert into torrent.audio_book (id, source_book_id, studio, read_by, language_code, length_epoch, format, release_year)
values ('b0ae7e91-66cf-41e7-89dd-db26cca4bc52', '83110150-d0b7-4b2d-861e-445be94dcef6', 'Meeveo', 'Betsey Naptin', 'en',
        1509, '.wav', 2007);
insert into torrent.audio_book (id, source_book_id, studio, read_by, language_code, length_epoch, format, release_year)
values ('f937c1a2-166d-4b5e-9341-ab133ad4fb69', 'f0dd3846-c2c6-400d-bc02-3fd7c90574e8', 'Divanoodle',
        'Sanderson Hearnaman', 'ge', 1645, '.wav', 1993);
insert into torrent.audio_book (id, source_book_id, studio, read_by, language_code, length_epoch, format, release_year)
values ('66e54bca-00be-4b97-8bc8-6c690ce393e2', '58786a57-488c-4413-83be-f336e5c4afd4', 'Camimbo', 'Jephthah Rupp',
        'ge', 1635, '.mp3', 2011);
insert into torrent.audio_book (id, source_book_id, studio, read_by, language_code, length_epoch, format, release_year)
values ('bf81fa80-33da-4d31-8c8a-1afe5fc4df60', 'b7757055-4c52-4e96-8627-22c543c32506', 'Devify', 'Alina Bodle', 'ge',
        74, '.mp3', 1991);
insert into torrent.audio_book (id, source_book_id, studio, read_by, language_code, length_epoch, format, release_year)
values ('d643adb7-f649-4466-a0fa-90b18132ce51', '8f6cbe56-ac88-4449-9a77-6bad5467e17a', 'Nlounge', 'Aleta Seear', 'ge',
        1479, '.wav', 2001);
insert into torrent.audio_book (id, source_book_id, studio, read_by, language_code, length_epoch, format, release_year)
values ('235fab13-3058-4a7e-a226-c0428d22d40f', 'a33e114b-2159-49c4-9e21-b81a03d13e50', 'Fliptune', 'Justino Silverson',
        'ge', 1707, '.mp3', 2012);
insert into torrent.audio_book (id, source_book_id, studio, read_by, language_code, length_epoch, format, release_year)
values ('0a2dca0e-6c4f-4156-b768-9d4dcdc2a4b4', 'c6664e4b-f4e5-4d25-a306-6ff9c40b1842', 'Flipopia', 'Benny McAllan',
        'ge', 1680, '.wav', 2012);
insert into torrent.audio_book (id, source_book_id, studio, read_by, language_code, length_epoch, format, release_year)
values ('5db69f55-efc4-457f-a317-021e8257e740', 'a662c1cb-0d04-4623-9266-140099f38898', 'Jamia', 'Harriet Lorey', 'ge',
        890, '.wav', 2004);
insert into torrent.audio_book (id, source_book_id, studio, read_by, language_code, length_epoch, format, release_year)
values ('030f5d43-39fa-4bca-a38c-3b2c7b45379a', '68d7bed1-aa47-4524-b2d4-5ef241e39fc3', 'Oloo', 'Brook Gleasane', 'fr',
        1655, '.mp3', 2001);
insert into torrent.audio_book (id, source_book_id, studio, read_by, language_code, length_epoch, format, release_year)
values ('cdad20c6-902b-4295-9d20-332d11209d74', 'cedb897b-2806-4645-9afd-4c75f8091a5a', 'Vitz', 'Christiane Rix', 'en',
        1337, '.wav', 2001);
insert into torrent.audio_book (id, source_book_id, studio, read_by, language_code, length_epoch, format, release_year)
values ('90a30e12-7ae1-4315-a13f-8114bd5b5c36', '4e569d36-adeb-4b6b-a832-d2127db5f4e8', 'Pixoboo', 'Sallee Fincken',
        'en', 1422, '.mp3', 1990);
insert into torrent.audio_book (id, source_book_id, studio, read_by, language_code, length_epoch, format, release_year)
values ('55dbeef0-55d8-4ff2-8896-08aca53b0f7b', '7169967d-aa2b-4778-aaeb-0148cc53d928', 'Cogidoo', 'Fiona Summerlie',
        'ge', 269, '.wav', 2008);
insert into torrent.audio_book (id, source_book_id, studio, read_by, language_code, length_epoch, format, release_year)
values ('511752dc-4127-4a39-96ca-3334295c540a', 'd2c26657-4f39-4e57-ac50-0e84cca19116', 'Zoombeat',
        'Denney Pellamonuten', 'en', 1915, '.wav', 2007);
insert into torrent.audio_book (id, source_book_id, studio, read_by, language_code, length_epoch, format, release_year)
values ('e2302b92-f8b8-4954-b6f7-5ed3bfc8ff93', '65378cad-96ab-4c06-8384-90967c29bf23', 'Myworks', 'Valina Griswood',
        'fr', 409, '.mp3', 1997);
insert into torrent.audio_book (id, source_book_id, studio, read_by, language_code, length_epoch, format, release_year)
values ('b2293983-6505-4f22-a251-f891fd379a94', '521b5ca4-a609-4583-9c73-4ad6f9165ddb', 'Browsetype', 'Cortie Ong',
        'ge', 2069, '.wav', 2005);
insert into torrent.audio_book (id, source_book_id, studio, read_by, language_code, length_epoch, format, release_year)
values ('2de218eb-000d-40db-b5af-cbca16a00592', '0a8dbff1-e874-4e3b-b316-6d3e0cc89a90', 'Youfeed', 'Merrill McLice',
        'en', 1858, '.mp3', 1988);
insert into torrent.audio_book (id, source_book_id, studio, read_by, language_code, length_epoch, format, release_year)
values ('09d9705a-7a3c-4e9b-8211-23413eaf6645', 'f83a4b03-2bea-4933-89e5-9f0fe8a28de0', 'Zoomlounge', 'Glyn Gristock',
        'en', 444, '.mp3', 2002);
insert into torrent.audio_book (id, source_book_id, studio, read_by, language_code, length_epoch, format, release_year)
values ('0fe9218a-bf89-4c0f-b96d-c6506006e614', '4efb224f-9b2d-4722-8613-b34b23cb174a', 'Mycat', 'Arman McVicker', 'ge',
        1655, '.wav', 2000);
insert into torrent.audio_book (id, source_book_id, studio, read_by, language_code, length_epoch, format, release_year)
values ('83af63d9-051a-47b0-be9b-9016bf0ed94c', '685521d0-b13a-4125-9e23-372add1c2154', 'Dabfeed', 'Peirce Price', 'en',
        1235, '.mp3', 2007);
insert into torrent.audio_book (id, source_book_id, studio, read_by, language_code, length_epoch, format, release_year)
values ('26a5b963-bb08-4446-b5df-24093650bb3e', '8a2a21ed-8ff5-40d3-a581-fb65fd936362', 'Tagcat',
        'Carol-jean Beardsley', 'en', 920, '.wav', 2006);
insert into torrent.audio_book (id, source_book_id, studio, read_by, language_code, length_epoch, format, release_year)
values ('d99f8ea4-8348-4061-aa8c-f01a66d3992d', 'b93abdea-ccb9-4069-b026-5c0ecfbf8c25', 'Yoveo', 'Ula Gehrtz', 'en',
        755, '.wav', 1991);
insert into torrent.audio_book (id, source_book_id, studio, read_by, language_code, length_epoch, format, release_year)
values ('d247bb08-daff-4042-b15c-51dea338536f', '7203f61a-bf45-42f3-9e46-a46300b904f9', 'Kare', 'Derwin Smail', 'fr',
        805, '.mp3', 2000);
insert into torrent.audio_book (id, source_book_id, studio, read_by, language_code, length_epoch, format, release_year)
values ('6da538d8-d2fe-400b-ac23-e3a6c430866c', 'b13eac94-8c36-430b-ab62-2665a1d38dd4', 'Jetpulse', 'Morten Bodocs',
        'en', 2044, '.mp3', 1991);
insert into torrent.audio_book (id, source_book_id, studio, read_by, language_code, length_epoch, format, release_year)
values ('14b209f0-ea77-4053-9707-691c35f4a355', '8fbe1271-9c89-4373-baa8-976bdebf9660', 'Photofeed', 'Abigail Rayer',
        'pl', 1116, '.wav', 2012);
insert into torrent.audio_book (id, source_book_id, studio, read_by, language_code, length_epoch, format, release_year)
values ('64925c20-a42d-4cdd-8f37-78475412d6c4', 'd70fb665-c35e-4609-ada8-7b47a9d6a819', 'Skipstorm', 'Roberta Leftley',
        'fr', 1943, '.wav', 2008);

TRUNCATE torrent.ebook CASCADE;
insert into torrent.ebook (id, source_book_id, studio, format, release_year)
values ('51727bbd-14ff-4fd9-b9cb-5fd584c6e22c', '21c4a9f0-ee8d-498c-bb69-0d57c60cfe6a', 'Walsh LLC', '.azw', 2004);
insert into torrent.ebook (id, source_book_id, studio, format, release_year)
values ('09f9af19-6cd5-41da-8004-a79d67d07c13', '4bb1787a-860c-48b1-9f74-8bb5ade1960b', 'Macejkovic and Sons', '.awz3',
        1992);
insert into torrent.ebook (id, source_book_id, studio, format, release_year)
values ('2990f339-fb02-418f-ba28-703f462146e1', '162ef95c-51a1-467e-9582-3917f801ea3c', 'Cronin-Schowalter', '.azw',
        1965);
insert into torrent.ebook (id, source_book_id, studio, format, release_year)
values ('f65bd9cb-f867-49a4-9934-c192b5337ab6', 'e98a9590-45cb-4f60-8b69-86abe9d89878', 'Trantow LLC', '.awz3', 2011);
insert into torrent.ebook (id, source_book_id, studio, format, release_year)
values ('7abdc9b9-ec03-47a2-a1cf-df78ee7e6a78', '2efe7e52-9774-4370-ac9d-9047c1b63e6a', 'Effertz LLC', '.mobi', 1994);
insert into torrent.ebook (id, source_book_id, studio, format, release_year)
values ('626b6546-2c75-4103-a308-07c17540ad0d', '9e4f52b2-e11b-4b2a-811c-56445dd5645a', 'Kerluke-Stroman', '.awz3',
        2000);
insert into torrent.ebook (id, source_book_id, studio, format, release_year)
values ('a39e156f-2eb7-452c-a13e-dd378564ff98', '3f22f0ad-c1f4-497d-ad4e-1a0c1514a9fa', 'Murazik-Hyatt', '.awz3', 1963);
insert into torrent.ebook (id, source_book_id, studio, format, release_year)
values ('d5a88da0-7e80-4c6c-a09c-c5bfe84ecd1f', '1791a812-1c56-4bb5-9844-760929d9dc5d', 'Medhurst, Gerlach and Hegmann',
        '.awz3', 2000);
insert into torrent.ebook (id, source_book_id, studio, format, release_year)
values ('41e96cdb-1d2e-477b-a672-7d426079ad12', '3dc5346a-c3b7-4291-a2c4-47b434128d49', 'Hane Group', '.pdf', 1989);
insert into torrent.ebook (id, source_book_id, studio, format, release_year)
values ('71a0449c-107a-4bd3-afc1-138f697c1430', 'e6523651-5f32-444c-a18c-d9d3c0fee0f4', 'Hegmann Inc', '.mobi', 1993);
insert into torrent.ebook (id, source_book_id, studio, format, release_year)
values ('0b48a56e-2c52-4e1b-8f3e-715cec9e3200', '8644278c-a906-446c-887b-5c0b59c9c76c', 'D''Amore-Quitzon', '.awz3',
        2009);
insert into torrent.ebook (id, source_book_id, studio, format, release_year)
values ('2b9a160e-c514-4862-9941-c709324ecb87', '544e28a7-1500-4b40-8f18-07491b1f8640', 'Frami-Stark', '.awz3', 1992);
insert into torrent.ebook (id, source_book_id, studio, format, release_year)
values ('4ecbf96c-6787-48ef-8ea4-d6949523729d', 'de012a69-f9e3-4bc7-a626-662ebba742e6', 'Nicolas, Durgan and Ritchie',
        '.azw', 2002);
insert into torrent.ebook (id, source_book_id, studio, format, release_year)
values ('a9b69812-2daf-4b55-86bb-010c500ed53e', '99ceaaea-011e-4408-96d5-e15ad86ddd64', 'Johns-Heathcote', '.azw',
        2012);
insert into torrent.ebook (id, source_book_id, studio, format, release_year)
values ('2fc33943-5280-4f62-a320-f4fba23eb9a9', 'c451c6fb-941a-4c5f-9a4f-3043334a9413', 'Armstrong-Bauch', '.awz3',
        1985);
insert into torrent.ebook (id, source_book_id, studio, format, release_year)
values ('49477644-a902-4b74-9d46-e1505dec8dc9', 'aba2d338-97f5-4ef5-a501-075e1e2f465b', 'Huel, Blanda and Aufderhar',
        '.pdf', 2012);
insert into torrent.ebook (id, source_book_id, studio, format, release_year)
values ('6abc9dff-e9a9-4510-8dbd-4dd9dd2d9a67', '44df134d-3f0f-4f72-b7f4-9f0a5455b222', 'Mraz-Mann', '.awz3', 1996);
insert into torrent.ebook (id, source_book_id, studio, format, release_year)
values ('8df2c2c8-4b48-4df5-bef7-1cb882296882', '657959d5-9b4e-45e5-bbdc-0559f97eaf03', 'Rohan-Reichert', '.pdf', 2006);
insert into torrent.ebook (id, source_book_id, studio, format, release_year)
values ('24d36b27-c531-4d65-a7ca-5c6bb35830e3', '5c2611af-c926-4c72-8514-b70f483e6b52', 'Schmidt-Renner', '.pdf', 1993);
insert into torrent.ebook (id, source_book_id, studio, format, release_year)
values ('ead82bce-7bb0-4aa0-895e-e7d8f66ae6db', '53f3b7ff-01a3-4a1a-911c-335ebffc5052', 'Steuber, Jast and Bauch',
        '.azw', 2010);
insert into torrent.ebook (id, source_book_id, studio, format, release_year)
values ('914319fe-fd44-40b6-b81c-dca04649724a', '80608b32-8bc2-40be-b1c6-4dc9b9508cf5', 'Kuhlman, Rau and Mann', '.pdf',
        2010);
insert into torrent.ebook (id, source_book_id, studio, format, release_year)
values ('d40e7594-d86b-40e0-99ca-ecd6313b55ad', 'fe9157be-bd38-4f8c-a716-435f1eda513f', 'Schamberger and Sons', '.pdf',
        1994);
insert into torrent.ebook (id, source_book_id, studio, format, release_year)
values ('15b41495-75ff-4189-b376-f569e8d47f4e', '29c461a2-3f3c-46d6-9ad0-5d68d2486a90', 'Keebler and Sons', '.azw',
        2010);
insert into torrent.ebook (id, source_book_id, studio, format, release_year)
values ('89b280e8-f00d-4a2e-b214-b07b3331126f', '8a257c2c-921e-4f20-84d6-72fcb3a32180', 'Cronin Group', '.mobi', 2005);
insert into torrent.ebook (id, source_book_id, studio, format, release_year)
values ('1b8f0aa4-0b2f-4641-99be-badb26f66888', '2ddb295c-4830-4923-8781-ebabe3443655', 'Kohler Inc', '.awz3', 1997);
insert into torrent.ebook (id, source_book_id, studio, format, release_year)
values ('575f835d-ca77-42a6-888c-3a0d164c1e66', '83110150-d0b7-4b2d-861e-445be94dcef6',
        'McLaughlin, Ebert and Stoltenberg', '.awz3', 2005);
insert into torrent.ebook (id, source_book_id, studio, format, release_year)
values ('a9f78174-8b09-403f-b4da-b7ea9879bb91', 'f0dd3846-c2c6-400d-bc02-3fd7c90574e8', 'Howell-Hegmann', '.pdf', 1989);
insert into torrent.ebook (id, source_book_id, studio, format, release_year)
values ('8d2bfdcf-d139-4537-afd5-8dfecc24ae41', '58786a57-488c-4413-83be-f336e5c4afd4', 'Moore, Lubowitz and Streich',
        '.pdf', 1999);
insert into torrent.ebook (id, source_book_id, studio, format, release_year)
values ('96350ae4-458e-4ee1-a6f6-b6023f4688dc', 'b7757055-4c52-4e96-8627-22c543c32506', 'Kohler LLC', '.pdf', 1990);
insert into torrent.ebook (id, source_book_id, studio, format, release_year)
values ('c32da795-c09d-4834-8ab2-f7dd37c15f6d', '8f6cbe56-ac88-4449-9a77-6bad5467e17a', 'Smitham and Sons', '.azw',
        1998);
insert into torrent.ebook (id, source_book_id, studio, format, release_year)
values ('fa9627d6-9a87-4c96-b0c5-1dafb15ef94a', 'a33e114b-2159-49c4-9e21-b81a03d13e50', 'Boehm, Kautzer and Herzog',
        '.pdf', 1987);
insert into torrent.ebook (id, source_book_id, studio, format, release_year)
values ('b1bd7718-be10-40f9-9b01-3b7d97de326a', 'c6664e4b-f4e5-4d25-a306-6ff9c40b1842', 'Rempel-Douglas', '.azw', 1987);
insert into torrent.ebook (id, source_book_id, studio, format, release_year)
values ('145ffd6a-9d51-47a1-a82b-eade0288a3bc', 'a662c1cb-0d04-4623-9266-140099f38898', 'Baumbach and Sons', '.awz3',
        1988);
insert into torrent.ebook (id, source_book_id, studio, format, release_year)
values ('d24f7a10-c7a3-4e7a-b0e8-e8f491913ab6', '68d7bed1-aa47-4524-b2d4-5ef241e39fc3', 'Bartoletti and Sons', '.mobi',
        2010);
insert into torrent.ebook (id, source_book_id, studio, format, release_year)
values ('c4741765-0312-47b9-906c-d3c7cf0663f5', 'cedb897b-2806-4645-9afd-4c75f8091a5a', 'Kuhic, Hoppe and Schmidt',
        '.awz3', 2002);
insert into torrent.ebook (id, source_book_id, studio, format, release_year)
values ('a43cb3b5-00d5-47d8-b59a-ff309d6df9e9', '4e569d36-adeb-4b6b-a832-d2127db5f4e8', 'Gibson-Rippin', '.awz3', 2006);
insert into torrent.ebook (id, source_book_id, studio, format, release_year)
values ('5891df2e-c768-4896-88b3-9ca332f016d1', '7169967d-aa2b-4778-aaeb-0148cc53d928',
        'Schuster, Hermiston and Jakubowski', '.pdf', 2006);
insert into torrent.ebook (id, source_book_id, studio, format, release_year)
values ('e8a69741-6b7e-45ec-bcea-4ea1e9f7f4b0', 'd2c26657-4f39-4e57-ac50-0e84cca19116', 'Donnelly Group', '.pdf', 2012);
insert into torrent.ebook (id, source_book_id, studio, format, release_year)
values ('d3c217cf-6e54-4e2d-a741-70dd0e79c221', '65378cad-96ab-4c06-8384-90967c29bf23', 'Kuvalis-Schmidt', '.pdf',
        1985);
insert into torrent.ebook (id, source_book_id, studio, format, release_year)
values ('3e7c25ab-decf-4d9c-87ac-9cd792aba20e', '521b5ca4-a609-4583-9c73-4ad6f9165ddb', 'Blanda-Conn', '.mobi', 2010);
insert into torrent.ebook (id, source_book_id, studio, format, release_year)
values ('75f88e89-a7c4-466e-98f5-e3e730e76e1d', '0a8dbff1-e874-4e3b-b316-6d3e0cc89a90', 'Kunze-O''Connell', '.azw',
        2004);
insert into torrent.ebook (id, source_book_id, studio, format, release_year)
values ('03ecf46b-b269-40e1-9873-8b6f07e82f1b', 'f83a4b03-2bea-4933-89e5-9f0fe8a28de0', 'Smith-Towne', '.awz3', 2004);
insert into torrent.ebook (id, source_book_id, studio, format, release_year)
values ('0b013823-be88-4fd1-9b33-c8b9635718b2', '4efb224f-9b2d-4722-8613-b34b23cb174a', 'Nicolas-Wisozk', '.awz3',
        1996);
insert into torrent.ebook (id, source_book_id, studio, format, release_year)
values ('0cd972b9-1782-4ddf-8dab-f222bce805d1', '685521d0-b13a-4125-9e23-372add1c2154', 'Mitchell LLC', '.awz3', 2000);
insert into torrent.ebook (id, source_book_id, studio, format, release_year)
values ('dceff44a-c547-494f-952e-37ab44a3d845', '8a2a21ed-8ff5-40d3-a581-fb65fd936362', 'Ernser Group', '.pdf', 1997);
insert into torrent.ebook (id, source_book_id, studio, format, release_year)
values ('6433c6be-f161-482d-9cae-cc9e0cc6e952', 'b93abdea-ccb9-4069-b026-5c0ecfbf8c25', 'Lang-Russel', '.pdf', 2006);
insert into torrent.ebook (id, source_book_id, studio, format, release_year)
values ('9c7716b4-010b-4562-b54f-44985af09193', '7203f61a-bf45-42f3-9e46-a46300b904f9',
        'Walker, McKenzie and Wilkinson', '.mobi', 1997);
insert into torrent.ebook (id, source_book_id, studio, format, release_year)
values ('6d6ee50e-6c06-448e-9bb7-8854ef03df94', 'b13eac94-8c36-430b-ab62-2665a1d38dd4',
        'Heathcote, Bradtke and Carroll', '.awz3', 1997);
insert into torrent.ebook (id, source_book_id, studio, format, release_year)
values ('8f11c504-db56-4668-9ca8-ff5877fc1e53', '8fbe1271-9c89-4373-baa8-976bdebf9660', 'Bergnaum Group', '.awz3',
        1994);
insert into torrent.ebook (id, source_book_id, studio, format, release_year)
values ('c9f7d917-20e2-4578-af92-6df7d59aeb2d', 'd70fb665-c35e-4609-ada8-7b47a9d6a819', 'Tremblay, Pollich and Okuneva',
        '.awz3', 2009);

TRUNCATE torrent.book_instance CASCADE;
insert into torrent.book_instance (share_id, archetype_id)
values ('b87992d0-07e8-4722-a46c-0c485531769a', '21c4a9f0-ee8d-498c-bb69-0d57c60cfe6a');
insert into torrent.book_instance (share_id, archetype_id)
values ('abed90de-e6e3-41bb-8fec-d87ae1f22c7b', '4bb1787a-860c-48b1-9f74-8bb5ade1960b');
insert into torrent.book_instance (share_id, archetype_id)
values ('bee827f7-153f-4ea6-8560-c56c457a6dd8', '162ef95c-51a1-467e-9582-3917f801ea3c');
insert into torrent.book_instance (share_id, archetype_id)
values ('9d049c58-229d-4ec8-9cdb-162b0d9f9345', 'e98a9590-45cb-4f60-8b69-86abe9d89878');
insert into torrent.book_instance (share_id, archetype_id)
values ('1ebdf3ce-e494-4c3e-a790-c86bc08e4d67', '2efe7e52-9774-4370-ac9d-9047c1b63e6a');
insert into torrent.book_instance (share_id, archetype_id)
values ('43619229-320c-46b5-bbac-a4f471d08dfc', '9e4f52b2-e11b-4b2a-811c-56445dd5645a');
insert into torrent.book_instance (share_id, archetype_id)
values ('d9071722-e23b-43c2-aa3e-1c8b94bf7366', '3f22f0ad-c1f4-497d-ad4e-1a0c1514a9fa');
insert into torrent.book_instance (share_id, archetype_id)
values ('b630349e-cc0e-47d8-a114-833fc730ffb1', '1791a812-1c56-4bb5-9844-760929d9dc5d');
insert into torrent.book_instance (share_id, archetype_id)
values ('57f85f07-3b26-4caf-9ed1-2092cb1fbd34', '3dc5346a-c3b7-4291-a2c4-47b434128d49');
insert into torrent.book_instance (share_id, archetype_id)
values ('79979547-c11c-4ca7-9da7-002458c9684b', 'e6523651-5f32-444c-a18c-d9d3c0fee0f4');
insert into torrent.book_instance (share_id, archetype_id)
values ('4c79c51d-e1a6-4e33-989b-91922db093ec', '8644278c-a906-446c-887b-5c0b59c9c76c');
insert into torrent.book_instance (share_id, archetype_id)
values ('e37aeab6-1be7-4fc8-94c1-684e258e660e', '544e28a7-1500-4b40-8f18-07491b1f8640');
insert into torrent.book_instance (share_id, archetype_id)
values ('ad2f05a2-99df-499b-9b37-77fd9c74a1e3', 'de012a69-f9e3-4bc7-a626-662ebba742e6');
insert into torrent.book_instance (share_id, archetype_id)
values ('209f41e4-52eb-4829-94d2-c158e91cba6b', '99ceaaea-011e-4408-96d5-e15ad86ddd64');
insert into torrent.book_instance (share_id, archetype_id)
values ('2064a42d-f721-4aef-b6f0-a2bab04d2c3c', 'c451c6fb-941a-4c5f-9a4f-3043334a9413');
insert into torrent.book_instance (share_id, archetype_id)
values ('d27970ba-5356-4532-9cdf-ab2157ff671b', 'aba2d338-97f5-4ef5-a501-075e1e2f465b');
insert into torrent.book_instance (share_id, archetype_id)
values ('dec1f80b-9bd4-4570-8f22-df2cf57c039e', '44df134d-3f0f-4f72-b7f4-9f0a5455b222');
insert into torrent.book_instance (share_id, archetype_id)
values ('9d88c2b5-fadd-4242-ad5f-d7996683a487', '657959d5-9b4e-45e5-bbdc-0559f97eaf03');

insert into torrent.book_instance (share_id, archetype_id)
values ('fac7e88a-d9ca-474e-a165-a490faa20515', '21c4a9f0-ee8d-498c-bb69-0d57c60cfe6a');
insert into torrent.book_instance (share_id, archetype_id)
values ('f5c6f0f2-36ba-4217-8b47-07e79ccc357a', '4bb1787a-860c-48b1-9f74-8bb5ade1960b');
insert into torrent.book_instance (share_id, archetype_id)
values ('de2adefd-7799-4a41-b0b5-443c11fa046e', '162ef95c-51a1-467e-9582-3917f801ea3c');
insert into torrent.book_instance (share_id, archetype_id)
values ('d5c9cd40-e0d2-4d29-8cb0-c16ac6e0c4aa', 'e98a9590-45cb-4f60-8b69-86abe9d89878');
insert into torrent.book_instance (share_id, archetype_id)
values ('ce6f1627-5a01-4644-87fa-cac6dca8d158', '2efe7e52-9774-4370-ac9d-9047c1b63e6a');
insert into torrent.book_instance (share_id, archetype_id)
values ('b0313dd5-9ba5-4cca-84d9-85a4ad0158c6', '9e4f52b2-e11b-4b2a-811c-56445dd5645a');
insert into torrent.book_instance (share_id, archetype_id)
values ('a112fd46-a09e-4523-8baf-0bf93e9174c2', '3f22f0ad-c1f4-497d-ad4e-1a0c1514a9fa');
insert into torrent.book_instance (share_id, archetype_id)
values ('8d9c11e6-678e-41f8-b4bb-5e61bf917c03', '1791a812-1c56-4bb5-9844-760929d9dc5d');
insert into torrent.book_instance (share_id, archetype_id)
values ('71b8026a-3596-4d44-bc8e-7f9bdf6e4942', '3dc5346a-c3b7-4291-a2c4-47b434128d49');
insert into torrent.book_instance (share_id, archetype_id)
values ('58c1b148-513c-4319-b08a-385f12befe47', 'e6523651-5f32-444c-a18c-d9d3c0fee0f4');
insert into torrent.book_instance (share_id, archetype_id)
values ('51c760af-1888-4309-b28c-6c72ba43c5a7', '8644278c-a906-446c-887b-5c0b59c9c76c');
insert into torrent.book_instance (share_id, archetype_id)
values ('44e60dc6-4808-4933-aa49-d0eaf18138e9', '544e28a7-1500-4b40-8f18-07491b1f8640');
insert into torrent.book_instance (share_id, archetype_id)
values ('3b85e730-fa0d-4f46-ab5b-9aeeb85ea27d', 'de012a69-f9e3-4bc7-a626-662ebba742e6');
insert into torrent.book_instance (share_id, archetype_id)
values ('388853e4-b20d-4200-9ced-f26e7fe20f32', '99ceaaea-011e-4408-96d5-e15ad86ddd64');
insert into torrent.book_instance (share_id, archetype_id)
values ('36c1a79a-a65e-4474-8ffa-8f8e0355b99d', 'c451c6fb-941a-4c5f-9a4f-3043334a9413');
insert into torrent.book_instance (share_id, archetype_id)
values ('275a4db2-d27e-4a05-9537-424932af3e1c', 'aba2d338-97f5-4ef5-a501-075e1e2f465b');
insert into torrent.book_instance (share_id, archetype_id)
values ('22fb047a-a258-4976-9d59-26c0e5e3432a', '44df134d-3f0f-4f72-b7f4-9f0a5455b222');
insert into torrent.book_instance (share_id, archetype_id)
values ('16866ac4-7745-4e27-a72c-70c9031e58cb', '657959d5-9b4e-45e5-bbdc-0559f97eaf03');
insert into torrent.book_instance (share_id, archetype_id)
values ('068cde22-250b-4310-8298-2f07a2f28e58', '5c2611af-c926-4c72-8514-b70f483e6b52');
insert into torrent.book_instance (share_id, archetype_id)
values ('05cf44ed-c3fb-412f-8d9a-06528f1c6b90', '53f3b7ff-01a3-4a1a-911c-335ebffc5052');
